id,createdAt,path,name,dimension,parentId,isReflection,order,updatedAt,cLevel,dLevel,ancestorTags
0025d87e-a8ab-4315-9330-402788ed45ea,"{""_seconds"":1748207809,""_nanoseconds"":386000000}","[""WHERE"",""WHERE"",""World"",""Domestic"",""Country"",""State"",""City"",""Place""]",Ave des Abeilles,where,3c988ba4-eda0-4b3a-ba66-2653243692b7,,11,"{""_seconds"":1748207809,""_nanoseconds"":386000000}",,,
008c9d8e-c701-4c83-8fd3-4d86b2e7e9ce,"{""_seconds"":1748207807,""_nanoseconds"":980000000}","[""About"",""About"",""Experiential"",""Society & Culture""]",Music,about,a947cc79-7211-47ea-b3b4-f3d28a8e1b24,,1,"{""_seconds"":1748207807,""_nanoseconds"":980000000}",,,
03894c04-c72a-4bda-8e62-f48488381d0c,"{""_seconds"":1748207806,""_nanoseconds"":281000000}","[""WHO"",""WHO"",""Family"",""GrandParents""]",Maternal Grand Father,who,9e806e92-1d03-4bb5-ab56-55fabd0590d9,,3,"{""_seconds"":1748207806,""_nanoseconds"":281000000}",,,
051c3f01-2b6f-4c99-b21d-7796ea001549,"{""_seconds"":1748207807,""_nanoseconds"":911000000}","[""About"",""About"",""Experiential""]",Travel,about,a9b86e37-91a5-4702-9fe4-ca20c1691c34,,1,"{""_seconds"":1748207807,""_nanoseconds"":911000000}",,,
056a7004-8885-4347-92b6-9566fb5f01a7,"{""_seconds"":1748207809,""_nanoseconds"":352000000}","[""WHERE"",""WHERE"",""World"",""Domestic""]",Country,where,28d36476-5075-421a-85db-2d2a896fd136,,1,"{""_seconds"":1748207809,""_nanoseconds"":352000000}",,,
063c5b11-6fda-469b-b257-23bbf4301a6f,"{""_seconds"":1748207806,""_nanoseconds"":304000000}","[""WHAT - Themes/Domains"",""WHAT - Themes/Domains""]",Ancestry,what,e14d08ba-222d-4c0c-b880-ee392bbf8f69,,1,"{""_seconds"":1748207806,""_nanoseconds"":304000000}",,,
06fcb0c9-4575-4f6e-b0a5-76de3ce99c08,"{""_seconds"":1748207809,""_nanoseconds"":408000000}","[""Surprises""]",Surprises,about,,1,6,"{""_seconds"":1748207809,""_nanoseconds"":408000000}",,,
08511d35-cf2f-4e49-a99a-1ebdc2682da7,"{""_seconds"":1748207809,""_nanoseconds"":428000000}","[""Lesson""]",Lesson,about,,1,11,"{""_seconds"":1748207809,""_nanoseconds"":428000000}",,,
094759fd-f454-4ac9-b11d-a2d05635203c,"{""_seconds"":1748207807,""_nanoseconds"":913000000}","[""WHAT - Themes/Domains"",""WHAT - Themes/Domains"",""Financial""]",Income & Career,what,16700a4a-fe15-4738-a701-b0265f7939cb,,1,"{""_seconds"":1748207807,""_nanoseconds"":913000000}",,,
09fd9737-75a1-4605-b588-c773fb05952d,"{""_seconds"":1748207809,""_nanoseconds"":444000000}","[""Least""]",Least,about,,1,19,"{""_seconds"":1748207809,""_nanoseconds"":444000000}",,,
,"{""_seconds"":1747960603,""_nanoseconds"":3000000}",,SQL Financials,,d5HrO5kl9zZu6hpSGVPg,,5,"{""_seconds"":1747960603,""_nanoseconds"":3000000}",3,3,
,"{""_seconds"":1747960645,""_nanoseconds"":882000000}",,Blessings,,wkb24WrIxoboiYCqpIqL,,22,"{""_seconds"":1747960645,""_nanoseconds"":882000000}",2,2,
,"{""_seconds"":1747960638,""_nanoseconds"":298000000}",,Food,,wkb24WrIxoboiYCqpIqL,,13,"{""_seconds"":1747960638,""_nanoseconds"":298000000}",2,2,
0a89950a-fb04-4f58-afee-53b5a38d9fc8,"{""_seconds"":1748207807,""_nanoseconds"":937000000}","[""About"",""About"",""Experiential""]",Adventures,about,a9b86e37-91a5-4702-9fe4-ca20c1691c34,,5,"{""_seconds"":1748207807,""_nanoseconds"":937000000}",,,
0ab434c7-cd93-489b-a4ef-de675efd4d6c,"{""_seconds"":1748207809,""_nanoseconds"":416000000}","[""Worst""]",Worst,about,,1,17,"{""_seconds"":1748207809,""_nanoseconds"":416000000}",,,
,"{""_seconds"":1747960597,""_nanoseconds"":384000000}",,College Reflection,,s86VM1gmqm1Qf1SWSH4V,,19,"{""_seconds"":1747960597,""_nanoseconds"":384000000}",3,3,
0bcaa34d-6192-467a-8f98-d532604c3fc4,"{""_seconds"":1748207807,""_nanoseconds"":896000000}","[""WHAT - Themes/Domains"",""WHAT - Themes/Domains"",""Financial"",""Income & Career""]",H/3M,what,094759fd-f454-4ac9-b11d-a2d05635203c,,3,"{""_seconds"":1748207807,""_nanoseconds"":896000000}",,,
0da3e521-1b25-4dbb-8e15-001432a7c0c0,"{""_seconds"":1748207809,""_nanoseconds"":434000000}","[""WHERE"",""WHERE"",""World""]",International,where,525e3630-fcca-4802-84c2-189d9d9f4948,,1,"{""_seconds"":1748207809,""_nanoseconds"":434000000}",,,
116a0873-1552-4836-89c8-0aacc90b794e,"{""_seconds"":1748207809,""_nanoseconds"":359000000}","[""WHERE"",""WHERE"",""World"",""International"",""Country""]",State,where,7295024b-a7b3-4193-9f6f-d1cf9e6e1225,,1,"{""_seconds"":1748207809,""_nanoseconds"":359000000}",,,
12f077e7-2680-49a4-99e1-be91ee40b356,"{""_seconds"":1748207807,""_nanoseconds"":952000000}","[""WHAT - Themes/Domains"",""WHAT - Themes/Domains"",""Financial"",""Income & Career""]",McKesson,what,094759fd-f454-4ac9-b11d-a2d05635203c,,6,"{""_seconds"":1748207807,""_nanoseconds"":952000000}",,,
,"{""_seconds"":1747960589,""_nanoseconds"":273000000}",,Personal,,UvsVcAoZ1Wy53cDYTXnv,,0,"{""_seconds"":1747960589,""_nanoseconds"":273000000}",3,3,
1583b0e8-0f3e-473f-8be8-ad0bad78826a,"{""_seconds"":1748207808,""_nanoseconds"":25000000}","[""WHEN"",""WHEN""]",Past,when,f4207335-cb40-48ed-a6b4-56d7334b9145,,1,"{""_seconds"":1748207808,""_nanoseconds"":25000000}",,,
16700a4a-fe15-4738-a701-b0265f7939cb,"{""_seconds"":1748207807,""_nanoseconds"":909000000}","[""WHAT - Themes/Domains"",""WHAT - Themes/Domains""]",Financial,what,e14d08ba-222d-4c0c-b880-ee392bbf8f69,,1.5,"{""_seconds"":1749852116,""_nanoseconds"":376000000}",,,
,"{""_seconds"":1747960617,""_nanoseconds"":265000000}",,Adult Children,,zKa9ymJQUI8dA5x9p3bV,,96,"{""_seconds"":1747960617,""_nanoseconds"":265000000}",3,3,
,"{""_seconds"":1747960651,""_nanoseconds"":883000000}",,1969,,RxjXFh2MPTgLqpNTq2Nm,,9,"{""_seconds"":1748665552,""_nanoseconds"":315000000}",4,4,
1aa825ef-41fc-40e6-919f-576f6f9cb8a2,"{""_seconds"":1748207807,""_nanoseconds"":960000000}","[""About"",""About"",""Experiential"",""Holidays""]",Christmas,about,332b9bc7-e145-4895-b70f-24cfef6daf3f,,1,"{""_seconds"":1748207807,""_nanoseconds"":960000000}",,,
1b4ca262-c2be-49bf-b08e-e28e9dc4e096,"{""_seconds"":1748207809,""_nanoseconds"":394000000}","[""Alternative""]",Alternative,about,,1,9,"{""_seconds"":1748207809,""_nanoseconds"":394000000}",,,
1bdf9132-fa0a-4e67-b4f4-b1a749ebbe2e,"{""_seconds"":1748207806,""_nanoseconds"":428000000}","[""WHAT - Themes/Domains"",""WHAT - Themes/Domains"",""Ancestry""]",Family Names,what,063c5b11-6fda-469b-b257-23bbf4301a6f,,1,"{""_seconds"":1748207806,""_nanoseconds"":428000000}",,,
27de2bbd-a178-4121-9cbd-827b800f9926,"{""_seconds"":1748207809,""_nanoseconds"":414000000}","[""Favorites""]",Favorites,about,,1,10,"{""_seconds"":1748207809,""_nanoseconds"":414000000}",,,
27ea0e27-666f-4552-8f90-1acba0643dfe,"{""_seconds"":1748207806,""_nanoseconds"":461000000}","[""WHAT - Themes/Domains"",""WHAT - Themes/Domains"",""Education""]",Preschool,what,c3896ed1-bb2e-4cc1-8be0-2bb219a991c2,,1,"{""_seconds"":1748207806,""_nanoseconds"":461000000}",,,
28d36476-5075-421a-85db-2d2a896fd136,"{""_seconds"":1748207809,""_nanoseconds"":342000000}","[""WHERE"",""WHERE"",""World""]",Domestic,where,525e3630-fcca-4802-84c2-189d9d9f4948,,2,"{""_seconds"":1748207809,""_nanoseconds"":342000000}",,,
,"{""_seconds"":1747960630,""_nanoseconds"":331000000}",,Clemson Football Games,,hw68Dxwy7zIc2MQ12evx,,10,"{""_seconds"":1747960630,""_nanoseconds"":331000000}",4,4,
,"{""_seconds"":1747960656,""_nanoseconds"":166000000}",,2016,,EzDPICFFlo1IOIQ0UXNO,,6,"{""_seconds"":1748665765,""_nanoseconds"":989000000}",4,4,
2bbc9c28-bdf3-4fae-beb3-9b3f6e0a64bf,"{""_seconds"":1748207806,""_nanoseconds"":484000000}","[""WHAT - Themes/Domains"",""WHAT - Themes/Domains""]",Birthdays,what,e14d08ba-222d-4c0c-b880-ee392bbf8f69,,3,"{""_seconds"":1748207806,""_nanoseconds"":484000000}",,,
,"{""_seconds"":1747960652,""_nanoseconds"":430000000}",,1974,,GTWPUbW6oZjCD0wH2twI,,4,"{""_seconds"":1747960652,""_nanoseconds"":430000000}",4,4,
,"{""_seconds"":1747960628,""_nanoseconds"":166000000}",,Cars,,wkb24WrIxoboiYCqpIqL,,4,"{""_seconds"":1747960628,""_nanoseconds"":166000000}",2,2,
3071695f-9492-4be1-b880-bf8164d48075,"{""_seconds"":1748207806,""_nanoseconds"":506000000}","[""WHO"",""WHO"",""Friends""]",Neighborhood,who,53dab50d-efec-4b80-b159-b63d1c7779a9,,2,"{""_seconds"":1748207806,""_nanoseconds"":506000000}",,,
3257ba65-05f7-4990-8231-a4e92a6214e6,"{""_seconds"":1748207809,""_nanoseconds"":442000000}","[""Favorite""]",Favorite,about,,1,20,"{""_seconds"":1748207809,""_nanoseconds"":442000000}",,,
32a21b6a-e562-48ec-807c-e29c114a5d98,"{""_seconds"":1748207807,""_nanoseconds"":982000000}","[""About"",""About"",""Experiential"",""Society & Culture""]",Miscellaneous,about,a947cc79-7211-47ea-b3b4-f3d28a8e1b24,,6,"{""_seconds"":1748207807,""_nanoseconds"":982000000}",,,
332b9bc7-e145-4895-b70f-24cfef6daf3f,"{""_seconds"":1748207807,""_nanoseconds"":944000000}","[""About"",""About"",""Experiential""]",Holidays,about,a9b86e37-91a5-4702-9fe4-ca20c1691c34,,7,"{""_seconds"":1748207807,""_nanoseconds"":944000000}",,,
355128a6-31ba-422c-9112-3a92b8df9614,"{""_seconds"":1748207807,""_nanoseconds"":965000000}","[""About"",""About"",""Experiential"",""Society & Culture""]",Styles,about,a947cc79-7211-47ea-b3b4-f3d28a8e1b24,,3,"{""_seconds"":1748207807,""_nanoseconds"":965000000}",,,
35f99666-ea07-4b15-ae63-4fd74be62bf1,"{""_seconds"":1748207806,""_nanoseconds"":447000000}","[""WHAT - Themes/Domains"",""WHAT - Themes/Domains"",""Education"",""High School""]",Spring Break,what,92e024b5-fa45-46af-bc8f-f3a7976c722f,,3,"{""_seconds"":1748207806,""_nanoseconds"":447000000}",,,
3902ef24-6170-405f-9e90-6c99bf890cb3,"{""_seconds"":1748207806,""_nanoseconds"":275000000}","[""WHO"",""WHO"",""Family""]",Parents,who,fb4c7a60-676e-4cf5-8460-2c13311119c6,,1,"{""_seconds"":1748207806,""_nanoseconds"":275000000}",,,
3b86930a-6870-43d0-a10e-ceb7f1dac2b6,"{""_seconds"":1748207809,""_nanoseconds"":365000000}","[""WHERE"",""WHERE"",""World"",""Domestic"",""Country"",""State"",""City"",""Place""]",McEwen Northside,where,3c988ba4-eda0-4b3a-ba66-2653243692b7,,15,"{""_seconds"":1748207809,""_nanoseconds"":365000000}",,,
3c988ba4-eda0-4b3a-ba66-2653243692b7,"{""_seconds"":1748207809,""_nanoseconds"":361000000}","[""WHERE"",""WHERE"",""World"",""Domestic"",""Country"",""State"",""City""]",Place,where,9181c4c9-8c97-4d1d-a1a4-f5b63206528d,,1,"{""_seconds"":1748207809,""_nanoseconds"":361000000}",,,
3d966105-b6c3-4a9f-a96c-ba0a53461ef5,"{""_seconds"":1748207806,""_nanoseconds"":442000000}","[""WHAT - Themes/Domains"",""WHAT - Themes/Domains"",""Education""]",Middle School,what,c3896ed1-bb2e-4cc1-8be0-2bb219a991c2,,4,"{""_seconds"":1748207806,""_nanoseconds"":442000000}",,,
,"{""_seconds"":1747960653,""_nanoseconds"":107000000}",,1981,,nYLMuRcZEdyw5qM5zXBW,,1,"{""_seconds"":1748665598,""_nanoseconds"":816000000}",4,4,
,"{""_seconds"":1747960636,""_nanoseconds"":426000000}",,Best days,,PaPgvkeesEiO7ZFslx5P,,20,"{""_seconds"":1747960636,""_nanoseconds"":426000000}",3,3,
42efed2a-5e71-4610-8e24-abc3254237a3,"{""_seconds"":1748207806,""_nanoseconds"":317000000}","[""WHO"",""WHO"",""Family""]",Grandchildren,who,fb4c7a60-676e-4cf5-8460-2c13311119c6,,7,"{""_seconds"":1748207806,""_nanoseconds"":317000000}",,,
450589a4-9dca-43a0-ac48-1509c6a7e297,"{""_seconds"":1748207806,""_nanoseconds"":414000000}","[""WHO"",""WHO"",""Family""]",In-Laws,who,fb4c7a60-676e-4cf5-8460-2c13311119c6,,8,"{""_seconds"":1748207806,""_nanoseconds"":414000000}",,,
46d0b98d-e84b-46b0-8fcf-6e7d3f78252c,"{""_seconds"":1748207809,""_nanoseconds"":378000000}","[""WHERE"",""WHERE"",""World"",""Domestic"",""Country"",""State"",""City"",""Place""]",Linbrook Dr.,where,3c988ba4-eda0-4b3a-ba66-2653243692b7,,9,"{""_seconds"":1748207809,""_nanoseconds"":378000000}",,,
48c138f8-9b75-4be1-9677-a275f48adaa2,"{""_seconds"":1748207806,""_nanoseconds"":242000000}","[""WHO"",""WHO""]",Self,who,ccdf9113-d107-4a79-a7b3-19c2c9d66472,,1,"{""_seconds"":1748207806,""_nanoseconds"":242000000}",,,
,"{""_seconds"":1747960653,""_nanoseconds"":917000000}",,1990,,rPZ1AFp1DU0dyuQA3Occ,,0,"{""_seconds"":1747960653,""_nanoseconds"":917000000}",4,4,
,"{""_seconds"":1747960652,""_nanoseconds"":201000000}",,"1971,",,GTWPUbW6oZjCD0wH2twI,,1,"{""_seconds"":1747960652,""_nanoseconds"":201000000}",4,4,
4ced862b-c863-4afe-8650-5b6a845952b0,"{""_seconds"":1748207807,""_nanoseconds"":917000000}","[""WHAT - Themes/Domains"",""WHAT - Themes/Domains"",""Financial"",""Income & Career""]",Given,what,094759fd-f454-4ac9-b11d-a2d05635203c,,7,"{""_seconds"":1748207807,""_nanoseconds"":917000000}",,,
4e15e7d5-db07-43ef-8492-470d753c6652,"{""_seconds"":1748207809,""_nanoseconds"":393000000}","[""Advice""]",Advice,about,,1,5,"{""_seconds"":1748207809,""_nanoseconds"":393000000}",,,
4e1cdb0f-756a-41c2-97f4-46db65edf99d,"{""_seconds"":1748207807,""_nanoseconds"":946000000}","[""About"",""About"",""Experiential""]",World & Politics,about,a9b86e37-91a5-4702-9fe4-ca20c1691c34,,8,"{""_seconds"":1748207807,""_nanoseconds"":946000000}",,,
50108fb7-7f97-4b48-8849-ab28d12cf009,"{""_seconds"":1748207807,""_nanoseconds"":958000000}","[""About"",""About"",""Experiential"",""Holidays""]",Easter,about,332b9bc7-e145-4895-b70f-24cfef6daf3f,,2,"{""_seconds"":1748207807,""_nanoseconds"":958000000}",,,
525e3630-fcca-4802-84c2-189d9d9f4948,"{""_seconds"":1748207809,""_nanoseconds"":368000000}","[""WHERE"",""WHERE""]",World,where,5681e870-dac9-46fa-946d-9e82105ba5f4,,1,"{""_seconds"":1748207809,""_nanoseconds"":368000000}",,,
53418df3-42bd-443f-8458-3272306c30ea,"{""_seconds"":1748207806,""_nanoseconds"":364000000}","[""WHO"",""WHO"",""Family"",""GrandParents""]",Maternal Grand Mother,who,9e806e92-1d03-4bb5-ab56-55fabd0590d9,,4,"{""_seconds"":1748207806,""_nanoseconds"":364000000}",,,
53dab50d-efec-4b80-b159-b63d1c7779a9,"{""_seconds"":1748207806,""_nanoseconds"":435000000}","[""WHO"",""WHO""]",Friends,who,ccdf9113-d107-4a79-a7b3-19c2c9d66472,,3,"{""_seconds"":1748207806,""_nanoseconds"":435000000}",,,
55297de9-1365-42a5-98c9-ec35376c4195,"{""_seconds"":1748207809,""_nanoseconds"":413000000}","[""Regrets""]",Regrets,about,,1,8,"{""_seconds"":1748207809,""_nanoseconds"":413000000}",,,
5681e870-dac9-46fa-946d-9e82105ba5f4,"{""_seconds"":1748207808,""_nanoseconds"":13000000}","[""WHERE""]",WHERE,where,,,4,"{""_seconds"":1748207808,""_nanoseconds"":13000000}",,,
580d0e66-ae32-4116-9d41-32765f1c612d,"{""_seconds"":1748207809,""_nanoseconds"":418000000}","[""Right-Call""]",Right-Call,about,,1,3,"{""_seconds"":1748207809,""_nanoseconds"":418000000}",,,
5854eae0-3934-4374-a5cd-8513d5619912,"{""_seconds"":1748207807,""_nanoseconds"":998000000}","[""WHEN"",""WHEN"",""Past"",""Decade"",""Year""]",Month,when,84104d4d-1ed9-4137-8ab1-a9d0e9408f2a,,3,"{""_seconds"":1748207807,""_nanoseconds"":998000000}",,,
5b052b69-7842-4b92-9fa5-dbea6074ae1e,"{""_seconds"":1748207808,""_nanoseconds"":17000000}","[""WHEN"",""WHEN""]",Future,when,f4207335-cb40-48ed-a6b4-56d7334b9145,,2,"{""_seconds"":1748207808,""_nanoseconds"":17000000}",,,
5ea1e905-20c7-484b-9138-34a3eea93051,"{""_seconds"":1748207806,""_nanoseconds"":368000000}","[""WHO"",""WHO"",""Family""]",Cousins,who,fb4c7a60-676e-4cf5-8460-2c13311119c6,,4,"{""_seconds"":1748207806,""_nanoseconds"":368000000}",,,
5f39bc1f-eeff-4f14-84ac-cb14103be7f6,"{""_seconds"":1748207806,""_nanoseconds"":284000000}","[""WHO"",""WHO"",""Family""]",Siblings,who,fb4c7a60-676e-4cf5-8460-2c13311119c6,,3,"{""_seconds"":1748207806,""_nanoseconds"":284000000}",,,
,"{""_seconds"":1747960654,""_nanoseconds"":516000000}",,1997,,rPZ1AFp1DU0dyuQA3Occ,,7,"{""_seconds"":1747960654,""_nanoseconds"":516000000}",4,4,
63d23ae6-c120-4fd5-9925-8db7e5a642f0,"{""_seconds"":1748207807,""_nanoseconds"":914000000}","[""WHAT - Themes/Domains"",""WHAT - Themes/Domains"",""Marriage""]",Honeymoon,what,735239ca-567e-4b1c-8565-5f911e5d5bbd,,3,"{""_seconds"":1748207807,""_nanoseconds"":914000000}",,,
686f4758-a033-4822-8163-e340162b1dec,"{""_seconds"":1748207807,""_nanoseconds"":898000000}","[""WHAT - Themes/Domains"",""WHAT - Themes/Domains"",""Financial"",""Income & Career""]",Caribiner,what,094759fd-f454-4ac9-b11d-a2d05635203c,,5,"{""_seconds"":1748207807,""_nanoseconds"":898000000}",,,
,"{""_seconds"":1747960619,""_nanoseconds"":188000000}",,Current Focus,,CY7cyvyDQYId1iukgCjO,,0,"{""_seconds"":1747960619,""_nanoseconds"":188000000}",3,3,
6ace0e36-7172-42d0-a32d-7ccfa963a523,"{""_seconds"":1748207807,""_nanoseconds"":942000000}","[""About"",""About"",""Experiential""]",Sports,about,a9b86e37-91a5-4702-9fe4-ca20c1691c34,,2,"{""_seconds"":1748207807,""_nanoseconds"":942000000}",,,
6ca478b6-7a94-4679-8bf7-25a587a90a20,"{""_seconds"":1748207807,""_nanoseconds"":931000000}","[""WHAT - Themes/Domains"",""WHAT - Themes/Domains"",""Financial"",""Income & Career""]",USC,what,094759fd-f454-4ac9-b11d-a2d05635203c,,1,"{""_seconds"":1748207807,""_nanoseconds"":931000000}",,,
6da233a3-d6d8-4cbb-a783-35ecd0cc5658,"{""_seconds"":1748207806,""_nanoseconds"":417000000}","[""WHAT - Themes/Domains"",""WHAT - Themes/Domains"",""Ancestry"",""Family Names""]",Bond,what,1bdf9132-fa0a-4e67-b4f4-b1a749ebbe2e,,1,"{""_seconds"":1748207806,""_nanoseconds"":417000000}",,,
,"{""_seconds"":1747960633,""_nanoseconds"":717000000}",,Television,,wkb24WrIxoboiYCqpIqL,,10,"{""_seconds"":1747960633,""_nanoseconds"":717000000}",2,2,
7295024b-a7b3-4193-9f6f-d1cf9e6e1225,"{""_seconds"":1748207809,""_nanoseconds"":347000000}","[""WHERE"",""WHERE"",""World"",""International""]",Country,where,0da3e521-1b25-4dbb-8e15-001432a7c0c0,,1,"{""_seconds"":1748207809,""_nanoseconds"":347000000}",,,
735239ca-567e-4b1c-8565-5f911e5d5bbd,"{""_seconds"":1748207807,""_nanoseconds"":895000000}","[""WHAT - Themes/Domains"",""WHAT - Themes/Domains""]",Marriage,what,e14d08ba-222d-4c0c-b880-ee392bbf8f69,,4,"{""_seconds"":1748207807,""_nanoseconds"":895000000}",,,
75eb066a-2162-4508-a2df-debb8912cab5,"{""_seconds"":1748207809,""_nanoseconds"":380000000}","[""WHERE"",""WHERE"",""World"",""Domestic"",""Country"",""State"",""City"",""Place""]",Springbrook,where,3c988ba4-eda0-4b3a-ba66-2653243692b7,,8,"{""_seconds"":1748207809,""_nanoseconds"":380000000}",,,
7861f0f0-fd9b-4c8f-8b94-3ec20b25cb70,"{""_seconds"":1748207807,""_nanoseconds"":947000000}","[""WHAT - Themes/Domains"",""WHAT - Themes/Domains"",""Financial""]",Worth &Investing,what,16700a4a-fe15-4738-a701-b0265f7939cb,,2,"{""_seconds"":1748207807,""_nanoseconds"":947000000}",,,
,"{""_seconds"":1747960626,""_nanoseconds"":91000000}",,Politics,,wkb24WrIxoboiYCqpIqL,,2,"{""_seconds"":1747960626,""_nanoseconds"":91000000}",2,2,
,"{""_seconds"":1747960609,""_nanoseconds"":311000000}",,Family,,qmYO3767JUq1jRbdpWvM,,4,"{""_seconds"":1747960609,""_nanoseconds"":311000000}",2,2,
7b5f6d08-0975-4e27-8f70-3c88b0b04470,"{""_seconds"":1748207809,""_nanoseconds"":384000000}","[""WHERE"",""WHERE"",""World"",""Domestic"",""Country"",""State"",""City"",""Place""]",Capitol View,where,3c988ba4-eda0-4b3a-ba66-2653243692b7,,14,"{""_seconds"":1748207809,""_nanoseconds"":384000000}",,,
7bb9698b-78a8-4f67-b5b2-227026ec95cb,"{""_seconds"":1748207809,""_nanoseconds"":350000000}","[""WHERE"",""WHERE"",""World"",""Domestic"",""Country""]",State,where,056a7004-8885-4347-92b6-9566fb5f01a7,,1,"{""_seconds"":1748207809,""_nanoseconds"":350000000}",,,
7f741f76-9b0d-4239-9366-68adee9261eb,"{""_seconds"":1748207807,""_nanoseconds"":977000000}","[""About"",""About"",""Experiential"",""Society & Culture""]",Movies,about,a947cc79-7211-47ea-b3b4-f3d28a8e1b24,,4,"{""_seconds"":1748207807,""_nanoseconds"":977000000}",,,
7f8054ba-aea7-40ea-97d9-e27dd8facd31,"{""_seconds"":1748207809,""_nanoseconds"":401000000}","[""Disappointment""]",Disappointment,about,,1,7,"{""_seconds"":1748207809,""_nanoseconds"":401000000}",,,
,"{""_seconds"":1747960592,""_nanoseconds"":416000000}",,Friendship,,UvsVcAoZ1Wy53cDYTXnv,,41,"{""_seconds"":1747960592,""_nanoseconds"":416000000}",3,3,
814c6e78-82f6-4352-a036-8a4e2836413c,"{""_seconds"":1748207807,""_nanoseconds"":926000000}","[""About"",""About"",""Experiential""]",Vacations,about,a9b86e37-91a5-4702-9fe4-ca20c1691c34,,4,"{""_seconds"":1748207807,""_nanoseconds"":926000000}",,,
8190576f-f807-4540-a0f9-920f5cb3d8e4,"{""_seconds"":1748207809,""_nanoseconds"":399000000}","[""Success""]",Success,about,,1,1,"{""_seconds"":1748207809,""_nanoseconds"":399000000}",,,
8335e82b-bcce-426b-a024-7cecf3d5b193,"{""_seconds"":1748207806,""_nanoseconds"":533000000}","[""WHAT - Themes/Domains"",""WHAT - Themes/Domains"",""Education""]",College,what,c3896ed1-bb2e-4cc1-8be0-2bb219a991c2,,6,"{""_seconds"":1748207806,""_nanoseconds"":533000000}",,,
83ab8ad9-8140-4654-bb4a-91a55de8d74a,"{""_seconds"":1748207807,""_nanoseconds"":928000000}","[""WHAT - Themes/Domains"",""WHAT - Themes/Domains"",""Financial"",""Income & Career""]",SQL,what,094759fd-f454-4ac9-b11d-a2d05635203c,,4,"{""_seconds"":1748207807,""_nanoseconds"":928000000}",,,
84104d4d-1ed9-4137-8ab1-a9d0e9408f2a,"{""_seconds"":1748207808,""_nanoseconds"":12000000}","[""WHEN"",""WHEN"",""Past"",""Decade""]",Year,when,1583b0e8-0f3e-473f-8be8-ad0bad78826a,,2,"{""_seconds"":1748666154,""_nanoseconds"":912000000}",,,
871fa2df-54e2-4b48-b75b-d42f76c9b23c,"{""_seconds"":1748207809,""_nanoseconds"":437000000}","[""Wisdom""]",Wisdom,about,,1,12,"{""_seconds"":1748207809,""_nanoseconds"":437000000}",,,
,"{""_seconds"":1747960637,""_nanoseconds"":966000000}",,Adventures,,wkb24WrIxoboiYCqpIqL,,12,"{""_seconds"":1747960637,""_nanoseconds"":966000000}",2,2,
8bdc237f-c2ef-4c71-838e-81a46e0b38ac,"{""_seconds"":1748207806,""_nanoseconds"":209000000}","[""About""]",About,about,,,0,"{""_seconds"":1748207806,""_nanoseconds"":209000000}",,,
8d002097-9c2c-4054-8d4d-6c913dafe5da,"{""_seconds"":1748207806,""_nanoseconds"":309000000}","[""WHO"",""WHO"",""Family""]",Spouse,who,fb4c7a60-676e-4cf5-8460-2c13311119c6,,5,"{""_seconds"":1748207806,""_nanoseconds"":309000000}",,,
8d5c1785-b7f9-427d-803d-5da483df0e77,"{""_seconds"":1748207809,""_nanoseconds"":424000000}","[""Motivation""]",Motivation,about,,1,14,"{""_seconds"":1748207809,""_nanoseconds"":424000000}",,,
,"{""_seconds"":1747960637,""_nanoseconds"":433000000}",,What are your Strengths,,PaPgvkeesEiO7ZFslx5P,,33,"{""_seconds"":1747960637,""_nanoseconds"":433000000}",3,3,
8e28b7af-3b97-4dcd-8ff9-bae905922eb9,"{""_seconds"":1748207806,""_nanoseconds"":297000000}","[""WHO"",""WHO"",""Family"",""Parents""]",Mother,who,3902ef24-6170-405f-9e90-6c99bf890cb3,,2,"{""_seconds"":1748207806,""_nanoseconds"":297000000}",,,
9181c4c9-8c97-4d1d-a1a4-f5b63206528d,"{""_seconds"":1748207809,""_nanoseconds"":376000000}","[""WHERE"",""WHERE"",""World"",""Domestic"",""Country"",""State""]",City,where,7bb9698b-78a8-4f67-b5b2-227026ec95cb,,1,"{""_seconds"":1748207809,""_nanoseconds"":376000000}",,,
9282660b-e9ae-49f7-8ed1-a82ace0ab1d7,"{""_seconds"":1748207806,""_nanoseconds"":323000000}","[""WHO"",""WHO""]",Personal,who,ccdf9113-d107-4a79-a7b3-19c2c9d66472,,1,"{""_seconds"":1748207806,""_nanoseconds"":323000000}",,,
92e024b5-fa45-46af-bc8f-f3a7976c722f,"{""_seconds"":1748207806,""_nanoseconds"":520000000}","[""WHAT - Themes/Domains"",""WHAT - Themes/Domains"",""Education""]",High School,what,c3896ed1-bb2e-4cc1-8be0-2bb219a991c2,,5,"{""_seconds"":1748207806,""_nanoseconds"":520000000}",,,
931c86d9-dd63-40f1-a167-954b0ffd287d,"{""_seconds"":1748207806,""_nanoseconds"":329000000}","[""WHO"",""WHO"",""Personal""]",Health,who,9282660b-e9ae-49f7-8ed1-a82ace0ab1d7,,1,"{""_seconds"":1748207806,""_nanoseconds"":329000000}",,,"[""9282660b-e9ae-49f7-8ed1-a82ace0ab1d7""]"
94637467-1bb1-4666-ac59-996c53890b4f,"{""_seconds"":1748207806,""_nanoseconds"":467000000}","[""WHAT - Themes/Domains"",""WHAT - Themes/Domains"",""Education"",""High School""]",Graduation,what,92e024b5-fa45-46af-bc8f-f3a7976c722f,,1,"{""_seconds"":1748207806,""_nanoseconds"":467000000}",,,
96d76a62-dc69-4268-a87a-3f6c265cd42f,"{""_seconds"":1748207807,""_nanoseconds"":893000000}","[""WHAT - Themes/Domains"",""WHAT - Themes/Domains"",""Marriage""]",Reception,what,735239ca-567e-4b1c-8565-5f911e5d5bbd,,2,"{""_seconds"":1748207807,""_nanoseconds"":893000000}",,,
97543ec5-f02f-4e01-bf8d-2dfd643b0d2f,"{""_seconds"":1748207807,""_nanoseconds"":934000000}","[""WHAT - Themes/Domains"",""WHAT - Themes/Domains"",""Financial"",""Income & Career""]",NCR,what,094759fd-f454-4ac9-b11d-a2d05635203c,,2,"{""_seconds"":1748207807,""_nanoseconds"":934000000}",,,
999ddb6f-9255-455d-801f-38cb96c9c1bc,"{""_seconds"":1748207806,""_nanoseconds"":406000000}","[""WHO"",""WHO"",""Friends""]",Boy/Girlfriend,who,53dab50d-efec-4b80-b159-b63d1c7779a9,,1,"{""_seconds"":1748207806,""_nanoseconds"":406000000}",,,
99d54c41-48d9-4dfd-991f-d07bbe52c9fd,"{""_seconds"":1748207807,""_nanoseconds"":979000000}","[""About"",""About"",""Experiential"",""Society & Culture""]",Television,about,a947cc79-7211-47ea-b3b4-f3d28a8e1b24,,5,"{""_seconds"":1748207807,""_nanoseconds"":979000000}",,,
9a7b1fe7-1204-409a-8375-2a8795411493,"{""_seconds"":1748207809,""_nanoseconds"":398000000}","[""Mistake""]",Mistake,about,,1,4,"{""_seconds"":1748207809,""_nanoseconds"":398000000}",,,
9afb12f1-a206-4a9c-beb1-daf72e6b1648,"{""_seconds"":1748207809,""_nanoseconds"":391000000}","[""WHERE"",""WHERE"",""World"",""Domestic"",""Country"",""State"",""City"",""Place""]",Greenhill Rd.,where,3c988ba4-eda0-4b3a-ba66-2653243692b7,,1,"{""_seconds"":1748207809,""_nanoseconds"":391000000}",,,
9b1c7350-5410-4b9b-b8e2-cfc61361ff47,"{""_seconds"":1748207809,""_nanoseconds"":405000000}","[""Failure""]",Failure,about,,1,2,"{""_seconds"":1748207809,""_nanoseconds"":405000000}",,,
9e806e92-1d03-4bb5-ab56-55fabd0590d9,"{""_seconds"":1748207806,""_nanoseconds"":339000000}","[""WHO"",""WHO"",""Family""]",GrandParents,who,fb4c7a60-676e-4cf5-8460-2c13311119c6,,2,"{""_seconds"":1748207806,""_nanoseconds"":339000000}",,,
,"{""_seconds"":1747960629,""_nanoseconds"":868000000}",,Body Surfing,,hw68Dxwy7zIc2MQ12evx,,4,"{""_seconds"":1747960629,""_nanoseconds"":868000000}",4,4,
,"{""_seconds"":1747960593,""_nanoseconds"":462000000}",,Economy & Business,,UvsVcAoZ1Wy53cDYTXnv,,55,"{""_seconds"":1747960593,""_nanoseconds"":462000000}",3,3,
,"{""_seconds"":1747960654,""_nanoseconds"":366000000}",,1995,,rPZ1AFp1DU0dyuQA3Occ,,5,"{""_seconds"":1747960654,""_nanoseconds"":366000000}",4,4,
,"{""_seconds"":1747960605,""_nanoseconds"":281000000}",,Who was your best boss,,AwcWvotYnReqXI3mJcGp,,14,"{""_seconds"":1747960605,""_nanoseconds"":281000000}",3,3,
,"{""_seconds"":1747960603,""_nanoseconds"":907000000}",,Career Reflection,,qmYO3767JUq1jRbdpWvM,,3,"{""_seconds"":1747960603,""_nanoseconds"":907000000}",2,2,
,"{""_seconds"":1747960652,""_nanoseconds"":665000000}",,1977,,GTWPUbW6oZjCD0wH2twI,,7,"{""_seconds"":1747960652,""_nanoseconds"":665000000}",4,4,
,"{""_seconds"":1747960635,""_nanoseconds"":491000000}",,Beer,,RV1kHSJ6OcTLmrxnTnGT,,5,"{""_seconds"":1747960635,""_nanoseconds"":491000000}",4,4,
,"{""_seconds"":1747960655,""_nanoseconds"":732000000}",,2010,,EzDPICFFlo1IOIQ0UXNO,,0,"{""_seconds"":1748665717,""_nanoseconds"":920000000}",4,4,
,"{""_seconds"":1747960576,""_nanoseconds"":584000000}",,Elementary School,,mRmrTG9JkhXAKgIYDULH,,1,"{""_seconds"":1747960576,""_nanoseconds"":584000000}",2,2,
,"{""_seconds"":1747960619,""_nanoseconds"":115000000}",,The Future,,qmYO3767JUq1jRbdpWvM,,6,"{""_seconds"":1747960619,""_nanoseconds"":115000000}",2,2,
,"{""_seconds"":1747960633,""_nanoseconds"":545000000}",,Books,,wkb24WrIxoboiYCqpIqL,,9,"{""_seconds"":1747960633,""_nanoseconds"":545000000}",2,2,
,"{""_seconds"":1747960603,""_nanoseconds"":163000000}",,Caribiner,,d5HrO5kl9zZu6hpSGVPg,,6,"{""_seconds"":1747960603,""_nanoseconds"":163000000}",3,3,
,"{""_seconds"":1747960640,""_nanoseconds"":743000000}",,Personal,,wkb24WrIxoboiYCqpIqL,,18,"{""_seconds"":1747960640,""_nanoseconds"":743000000}",2,2,
,"{""_seconds"":1747960656,""_nanoseconds"":256000000}",,2017,,EzDPICFFlo1IOIQ0UXNO,,7,"{""_seconds"":1748665773,""_nanoseconds"":774000000}",4,4,
,"{""_seconds"":1747960635,""_nanoseconds"":415000000}",,Dessert,,RV1kHSJ6OcTLmrxnTnGT,,4,"{""_seconds"":1747960635,""_nanoseconds"":415000000}",4,4,
,"{""_seconds"":1747960655,""_nanoseconds"":597000000}",,The 2010�s,,gLqr5nsFGLWzDxSLuGTg,,6,"{""_seconds"":1747960655,""_nanoseconds"":597000000}",2,2,
,"{""_seconds"":1747960618,""_nanoseconds"":304000000}",,Extended Family,,zKa9ymJQUI8dA5x9p3bV,,110,"{""_seconds"":1747960618,""_nanoseconds"":304000000}",3,3,
,"{""_seconds"":1747960603,""_nanoseconds"":749000000}",,Dune Medical,,d5HrO5kl9zZu6hpSGVPg,,9,"{""_seconds"":1747960603,""_nanoseconds"":749000000}",3,3,
,"{""_seconds"":1747960654,""_nanoseconds"":594000000}",,1998,,rPZ1AFp1DU0dyuQA3Occ,,8,"{""_seconds"":1747960654,""_nanoseconds"":594000000}",4,4,
,"{""_seconds"":1747960587,""_nanoseconds"":383000000}",,Social,,eaRrQrLhkuSFvo4aJNe0,,20,"{""_seconds"":1747960587,""_nanoseconds"":383000000}",3,3,
,"{""_seconds"":1747960602,""_nanoseconds"":767000000}",,"Finance Director, International",,JPK9TOJnRrCskwHeLzYl,,7,"{""_seconds"":1747960602,""_nanoseconds"":767000000}",4,4,
,"{""_seconds"":1747960652,""_nanoseconds"":590000000}",,"1976,",,GTWPUbW6oZjCD0wH2twI,,6,"{""_seconds"":1747960652,""_nanoseconds"":590000000}",4,4,
,"{""_seconds"":1747960652,""_nanoseconds"":33000000}",,The 1970�s - Economics,,gLqr5nsFGLWzDxSLuGTg,,2,"{""_seconds"":1747960652,""_nanoseconds"":33000000}",2,2,
,"{""_seconds"":1747960616,""_nanoseconds"":523000000}",,Personal,,zKa9ymJQUI8dA5x9p3bV,,87,"{""_seconds"":1747960616,""_nanoseconds"":523000000}",3,3,
,"{""_seconds"":1747960646,""_nanoseconds"":876000000}",,Advice,,wkb24WrIxoboiYCqpIqL,,23,"{""_seconds"":1747960646,""_nanoseconds"":876000000}",2,2,
,"{""_seconds"":1747960603,""_nanoseconds"":833000000}",,Chief Financial Officer,,FgJBciNwpmVOQx5Oy19o,,0,"{""_seconds"":1747960603,""_nanoseconds"":833000000}",4,4,
,"{""_seconds"":1747960657,""_nanoseconds"":17000000}",,2024,,tnVAlnyVSUmJCrSBtZ8G,,4,"{""_seconds"":1748665849,""_nanoseconds"":293000000}",4,4,
,"{""_seconds"":1747960656,""_nanoseconds"":90000000}",,2015,,EzDPICFFlo1IOIQ0UXNO,,5,"{""_seconds"":1748665756,""_nanoseconds"":318000000}",4,4,
,"{""_seconds"":1747960601,""_nanoseconds"":831000000}",,Director of Latin American Operations,,REWKJCvw6JZFQ1yPI3hv,,5,"{""_seconds"":1747960601,""_nanoseconds"":831000000}",4,4,
,"{""_seconds"":1747960581,""_nanoseconds"":845000000}",,Elementary Reflection,,CPXSTDDuCznmtxQZYGMt,,10,"{""_seconds"":1747960581,""_nanoseconds"":845000000}",3,3,
,"{""_seconds"":1747960602,""_nanoseconds"":199000000}",,Harris/3M,,d5HrO5kl9zZu6hpSGVPg,,4,"{""_seconds"":1747960602,""_nanoseconds"":199000000}",3,3,
,"{""_seconds"":1747960629,""_nanoseconds"":783000000}",,The Beach,,hw68Dxwy7zIc2MQ12evx,,3,"{""_seconds"":1747960629,""_nanoseconds"":783000000}",4,4,
,"{""_seconds"":1747960646,""_nanoseconds"":513000000}",,What were your surpirses,,0LfeMdaOGZP9iW2c971K,,3,"{""_seconds"":1747960646,""_nanoseconds"":513000000}",3,3,
,"{""_seconds"":1747960592,""_nanoseconds"":38000000}",,Companionship,,UvsVcAoZ1Wy53cDYTXnv,,36,"{""_seconds"":1747960592,""_nanoseconds"":38000000}",3,3,
,"{""_seconds"":1747960651,""_nanoseconds"":584000000}",,1965,,RxjXFh2MPTgLqpNTq2Nm,,5,"{""_seconds"":1748665507,""_nanoseconds"":365000000}",4,4,
,"{""_seconds"":1747960603,""_nanoseconds"":612000000}",,Given Imaging,,d5HrO5kl9zZu6hpSGVPg,,8,"{""_seconds"":1747960603,""_nanoseconds"":612000000}",3,3,
,"{""_seconds"":1747960655,""_nanoseconds"":290000000}",,2006,,mWxJC1PNEAjkOGWX981y,,6,"{""_seconds"":1747960655,""_nanoseconds"":290000000}",4,4,
,"{""_seconds"":1747960656,""_nanoseconds"":795000000}",,2021,,tnVAlnyVSUmJCrSBtZ8G,,1,"{""_seconds"":1748665824,""_nanoseconds"":621000000}",4,4,
,"{""_seconds"":1747960654,""_nanoseconds"":913000000}",,2001,,mWxJC1PNEAjkOGWX981y,,1,"{""_seconds"":1747960654,""_nanoseconds"":913000000}",4,4,
,"{""_seconds"":1747960645,""_nanoseconds"":709000000}",,Differences,,wkb24WrIxoboiYCqpIqL,,21,"{""_seconds"":1747960645,""_nanoseconds"":709000000}",2,2,
,"{""_seconds"":1747960655,""_nanoseconds"":440000000}",,2008,,mWxJC1PNEAjkOGWX981y,,8,"{""_seconds"":1747960655,""_nanoseconds"":440000000}",4,4,
,"{""_seconds"":1747960602,""_nanoseconds"":58000000}",,NCR,,d5HrO5kl9zZu6hpSGVPg,,3,"{""_seconds"":1747960602,""_nanoseconds"":58000000}",3,3,
,"{""_seconds"":1747960629,""_nanoseconds"":956000000}",,Vacations with the Meltons,,hw68Dxwy7zIc2MQ12evx,,5,"{""_seconds"":1747960629,""_nanoseconds"":956000000}",4,4,
,"{""_seconds"":1747960632,""_nanoseconds"":537000000}",,Longest trip,,nFdGfPq9Xgf6Vx9oPQ8v,,3,"{""_seconds"":1747960632,""_nanoseconds"":537000000}",4,4,
,"{""_seconds"":1747960652,""_nanoseconds"":360000000}",,1973,,GTWPUbW6oZjCD0wH2twI,,3,"{""_seconds"":1747960652,""_nanoseconds"":360000000}",4,4,
,"{""_seconds"":1747960636,""_nanoseconds"":496000000}",,Worst Days,,PaPgvkeesEiO7ZFslx5P,,21,"{""_seconds"":1747960636,""_nanoseconds"":496000000}",3,3,
,"{""_seconds"":1747960646,""_nanoseconds"":437000000}",,My Marriage,,8D7qaKsRmuf6P3UMxDpP,,3,"{""_seconds"":1747960646,""_nanoseconds"":437000000}",4,4,
,"{""_seconds"":1747960614,""_nanoseconds"":789000000}",,Relationships,,zKa9ymJQUI8dA5x9p3bV,,64,"{""_seconds"":1747960614,""_nanoseconds"":789000000}",3,3,
,"{""_seconds"":1747960655,""_nanoseconds"":513000000}",,2009,,mWxJC1PNEAjkOGWX981y,,9,"{""_seconds"":1747960655,""_nanoseconds"":513000000}",4,4,
,"{""_seconds"":1747960631,""_nanoseconds"":354000000}",,Music,,wkb24WrIxoboiYCqpIqL,,8,"{""_seconds"":1747960631,""_nanoseconds"":354000000}",2,2,
,"{""_seconds"":1747960629,""_nanoseconds"":708000000}",,Skiing,,hw68Dxwy7zIc2MQ12evx,,2,"{""_seconds"":1747960629,""_nanoseconds"":708000000}",4,4,
,"{""_seconds"":1747960603,""_nanoseconds"":79000000}",,"Vice
President, Finance & Administration, CFO",,0ARNV3d0cWvV1aGHApw4,,0,"{""_seconds"":1747960603,""_nanoseconds"":79000000}",4,4,
,"{""_seconds"":1747960634,""_nanoseconds"":17000000}",,Miscellaneous,,wkb24WrIxoboiYCqpIqL,,11,"{""_seconds"":1747960634,""_nanoseconds"":17000000}",2,2,
,"{""_seconds"":1747960656,""_nanoseconds"":330000000}",,2018,,EzDPICFFlo1IOIQ0UXNO,,8,"{""_seconds"":1748665780,""_nanoseconds"":705000000}",4,4,
,"{""_seconds"":1747960656,""_nanoseconds"":941000000}",,2023,,tnVAlnyVSUmJCrSBtZ8G,,3,"{""_seconds"":1748665841,""_nanoseconds"":921000000}",4,4,
,"{""_seconds"":1747960575,""_nanoseconds"":199000000}",,Childhood,,,,1,"{""_seconds"":1747960575,""_nanoseconds"":199000000}",1,1,
,"{""_seconds"":1747960655,""_nanoseconds"":57000000}",,2003,,mWxJC1PNEAjkOGWX981y,,3,"{""_seconds"":1747960655,""_nanoseconds"":57000000}",4,4,
,"{""_seconds"":1747960626,""_nanoseconds"":631000000}",,Swimming,,p9hNivZyuamnyFRn7kRd,,1,"{""_seconds"":1747960626,""_nanoseconds"":631000000}",4,4,
,"{""_seconds"":1747960582,""_nanoseconds"":942000000}",,Middle School,,mRmrTG9JkhXAKgIYDULH,,2,"{""_seconds"":1747960582,""_nanoseconds"":942000000}",2,2,
,"{""_seconds"":1747960601,""_nanoseconds"":361000000}",,University of South Carolina,,d5HrO5kl9zZu6hpSGVPg,,2,"{""_seconds"":1747960601,""_nanoseconds"":361000000}",3,3,
,"{""_seconds"":1747960588,""_nanoseconds"":579000000}",,Cultural,,eaRrQrLhkuSFvo4aJNe0,,35,"{""_seconds"":1747960588,""_nanoseconds"":579000000}",3,3,
,"{""_seconds"":1747960612,""_nanoseconds"":474000000}",,Homes & Moves,,zKa9ymJQUI8dA5x9p3bV,,33,"{""_seconds"":1747960612,""_nanoseconds"":474000000}",3,3,
,"{""_seconds"":1747960635,""_nanoseconds"":34000000}",,Favorites,,PaPgvkeesEiO7ZFslx5P,,11,"{""_seconds"":1747960635,""_nanoseconds"":34000000}",3,3,
,"{""_seconds"":1747960638,""_nanoseconds"":975000000}",,Fights,,wkb24WrIxoboiYCqpIqL,,15,"{""_seconds"":1747960638,""_nanoseconds"":975000000}",2,2,
,"{""_seconds"":1747960605,""_nanoseconds"":813000000}",,Were you ever fired,,AwcWvotYnReqXI3mJcGp,,18,"{""_seconds"":1747960605,""_nanoseconds"":813000000}",3,3,
,"{""_seconds"":1747960651,""_nanoseconds"":370000000}",,1962,,RxjXFh2MPTgLqpNTq2Nm,,2,"{""_seconds"":1748665478,""_nanoseconds"":864000000}",4,4,
,"{""_seconds"":1747960650,""_nanoseconds"":322000000}",,The 1960�s,,gLqr5nsFGLWzDxSLuGTg,,0,"{""_seconds"":1747960650,""_nanoseconds"":322000000}",2,2,
,"{""_seconds"":1747960614,""_nanoseconds"":174000000}",,Personal,,zKa9ymJQUI8dA5x9p3bV,,56,"{""_seconds"":1747960614,""_nanoseconds"":174000000}",3,3,
,"{""_seconds"":1747960654,""_nanoseconds"":831000000}",,2000,,mWxJC1PNEAjkOGWX981y,,0,"{""_seconds"":1747960654,""_nanoseconds"":831000000}",4,4,
,"{""_seconds"":1747960593,""_nanoseconds"":314000000}",,Science & Technology,,UvsVcAoZ1Wy53cDYTXnv,,53,"{""_seconds"":1747960593,""_nanoseconds"":314000000}",3,3,
,"{""_seconds"":1747960653,""_nanoseconds"":347000000}",,1984,,nYLMuRcZEdyw5qM5zXBW,,4,"{""_seconds"":1748665623,""_nanoseconds"":884000000}",4,4,
,"{""_seconds"":1747960567,""_nanoseconds"":796000000}",,Vacations,,uQvjiU4q4f786p3YEY8J,,3,"{""_seconds"":1747960567,""_nanoseconds"":796000000}",4,4,
,"{""_seconds"":1747960593,""_nanoseconds"":175000000}",,World & Politics,,UvsVcAoZ1Wy53cDYTXnv,,51,"{""_seconds"":1747960593,""_nanoseconds"":175000000}",3,3,
,"{""_seconds"":1747960630,""_nanoseconds"":408000000}",,Technology,,wkb24WrIxoboiYCqpIqL,,7,"{""_seconds"":1747960630,""_nanoseconds"":408000000}",2,2,
,"{""_seconds"":1747960630,""_nanoseconds"":650000000}",,Music,,6yvVpCkALTtQWubQFp9M,,0,"{""_seconds"":1747960630,""_nanoseconds"":650000000}",4,4,
,"{""_seconds"":1747960654,""_nanoseconds"":291000000}",,1994,,rPZ1AFp1DU0dyuQA3Occ,,4,"{""_seconds"":1747960654,""_nanoseconds"":291000000}",4,4,
,"{""_seconds"":1747960589,""_nanoseconds"":195000000}",,Childhood Reflection,,mRmrTG9JkhXAKgIYDULH,,4,"{""_seconds"":1747960589,""_nanoseconds"":195000000}",2,2,
,"{""_seconds"":1747960656,""_nanoseconds"":12000000}",,2014,,EzDPICFFlo1IOIQ0UXNO,,4,"{""_seconds"":1748665749,""_nanoseconds"":167000000}",4,4,
,"{""_seconds"":1747960602,""_nanoseconds"":931000000}",,"Vice President, Business Development & Strategic Planning",,JPK9TOJnRrCskwHeLzYl,,9,"{""_seconds"":1747960602,""_nanoseconds"":931000000}",4,4,
,"{""_seconds"":1747960629,""_nanoseconds"":328000000}",,Moves,,wkb24WrIxoboiYCqpIqL,,5,"{""_seconds"":1747960629,""_nanoseconds"":328000000}",2,2,
,"{""_seconds"":1747960582,""_nanoseconds"":633000000}",,Social,,CPXSTDDuCznmtxQZYGMt,,20,"{""_seconds"":1747960582,""_nanoseconds"":633000000}",3,3,
,"{""_seconds"":1747960615,""_nanoseconds"":982000000}",,Cultural,,zKa9ymJQUI8dA5x9p3bV,,80,"{""_seconds"":1747960615,""_nanoseconds"":982000000}",3,3,
,"{""_seconds"":1747960650,""_nanoseconds"":164000000}",,Best/worst,,XgRP1muDpMPhV6fO6nSN,,1,"{""_seconds"":1747960650,""_nanoseconds"":164000000}",4,4,
,"{""_seconds"":1747960654,""_nanoseconds"":446000000}",,1996,,rPZ1AFp1DU0dyuQA3Occ,,6,"{""_seconds"":1747960654,""_nanoseconds"":446000000}",4,4,
,"{""_seconds"":1747960650,""_nanoseconds"":17000000}",,"William,
Elizabeth, and Caroline",,t2SVgSJaG4TANXLW4pfm,,0,"{""_seconds"":1747960650,""_nanoseconds"":17000000}",3,3,
,"{""_seconds"":1747960610,""_nanoseconds"":34000000}",,William,,zKa9ymJQUI8dA5x9p3bV,,3,"{""_seconds"":1747960610,""_nanoseconds"":34000000}",3,3,
,"{""_seconds"":1747960615,""_nanoseconds"":467000000}",,Historical,,zKa9ymJQUI8dA5x9p3bV,,73,"{""_seconds"":1747960615,""_nanoseconds"":467000000}",3,3,
,"{""_seconds"":1747960565,""_nanoseconds"":161000000}",,,,rIFfZboQxjBPJ27evGnN,,3,"{""_seconds"":1747960565,""_nanoseconds"":161000000}",3,3,
,"{""_seconds"":1747960636,""_nanoseconds"":741000000}",,happiest/unhappiest,,PaPgvkeesEiO7ZFslx5P,,24,"{""_seconds"":1747960636,""_nanoseconds"":741000000}",3,3,
,"{""_seconds"":1747960652,""_nanoseconds"":510000000}",,"1975,",,GTWPUbW6oZjCD0wH2twI,,5,"{""_seconds"":1747960652,""_nanoseconds"":510000000}",4,4,
,"{""_seconds"":1747960644,""_nanoseconds"":888000000}",,Historical Events,,wkb24WrIxoboiYCqpIqL,,20,"{""_seconds"":1747960644,""_nanoseconds"":888000000}",2,2,
,"{""_seconds"":1747960651,""_nanoseconds"":659000000}",,1966,,RxjXFh2MPTgLqpNTq2Nm,,6,"{""_seconds"":1748665516,""_nanoseconds"":233000000}",4,4,
,"{""_seconds"":1747960565,""_nanoseconds"":948000000}",,Family Names,,MowCTp9EvYYngVVpQI8t,,2,"{""_seconds"":1747960565,""_nanoseconds"":948000000}",2,2,
a0171716-78e2-4784-b4f5-574880e88758,"{""_seconds"":1748207809,""_nanoseconds"":373000000}","[""WHERE"",""WHERE"",""World"",""Domestic"",""Country"",""State"",""City"",""Place""]",Woodrow,where,3c988ba4-eda0-4b3a-ba66-2653243692b7,,5,"{""_seconds"":1748207809,""_nanoseconds"":373000000}",,,
a1c09b1e-25e7-4002-955f-b1d6cbbabef2,"{""_seconds"":1748207809,""_nanoseconds"":377000000}","[""WHERE"",""WHERE"",""World"",""Domestic"",""Country"",""State"",""City"",""Place""]",Amberglen Ln.,where,3c988ba4-eda0-4b3a-ba66-2653243692b7,,10,"{""_seconds"":1748207809,""_nanoseconds"":377000000}",,,
a241490a-bf4d-465d-96d6-fdb4856908ff,"{""_seconds"":1748207806,""_nanoseconds"":451000000}","[""WHO"",""WHO"",""Friends""]",School,who,53dab50d-efec-4b80-b159-b63d1c7779a9,,4,"{""_seconds"":1748207806,""_nanoseconds"":451000000}",,,
a7dd90a1-a0bb-465b-a7d8-52e21f9dcbe2,"{""_seconds"":1748207806,""_nanoseconds"":478000000}","[""WHAT - Themes/Domains"",""WHAT - Themes/Domains"",""Education""]",Graduate School,what,c3896ed1-bb2e-4cc1-8be0-2bb219a991c2,,7,"{""_seconds"":1748207806,""_nanoseconds"":478000000}",,,
a947cc79-7211-47ea-b3b4-f3d28a8e1b24,"{""_seconds"":1748207807,""_nanoseconds"":962000000}","[""About"",""About"",""Experiential""]",Society & Culture,about,a9b86e37-91a5-4702-9fe4-ca20c1691c34,,11,"{""_seconds"":1748207807,""_nanoseconds"":962000000}",,,
a9b86e37-91a5-4702-9fe4-ca20c1691c34,"{""_seconds"":1748207808,""_nanoseconds"":20000000}","[""About"",""About""]",Experiential,about,8bdc237f-c2ef-4c71-838e-81a46e0b38ac,,6,"{""_seconds"":1748207808,""_nanoseconds"":20000000}",,,
,"{""_seconds"":1747960586,""_nanoseconds"":716000000}",,Personal,,eaRrQrLhkuSFvo4aJNe0,,13,"{""_seconds"":1747960586,""_nanoseconds"":716000000}",3,3,
,"{""_seconds"":1747960626,""_nanoseconds"":407000000}",,Sports,,wkb24WrIxoboiYCqpIqL,,3,"{""_seconds"":1747960626,""_nanoseconds"":407000000}",2,2,
,"{""_seconds"":1747960653,""_nanoseconds"":29000000}",,1980,,nYLMuRcZEdyw5qM5zXBW,,0,"{""_seconds"":1748665591,""_nanoseconds"":963000000}",4,4,
,"{""_seconds"":1747960639,""_nanoseconds"":761000000}",,Legacy,,wkb24WrIxoboiYCqpIqL,,17,"{""_seconds"":1747960639,""_nanoseconds"":761000000}",2,2,
aa57c3e1-fe85-438a-b2f5-c592675771da,"{""_seconds"":1748207806,""_nanoseconds"":291000000}","[""WHO"",""WHO"",""Friends""]",Work,who,53dab50d-efec-4b80-b159-b63d1c7779a9,,3,"{""_seconds"":1748207806,""_nanoseconds"":291000000}",,,
aa9a853c-6b54-4ebb-a5c3-e3f3e1ba68e5,"{""_seconds"":1748207806,""_nanoseconds"":537000000}","[""WHO"",""WHO"",""Family"",""GrandParents""]",Paternal Grand Mother,who,9e806e92-1d03-4bb5-ab56-55fabd0590d9,,2,"{""_seconds"":1748207806,""_nanoseconds"":537000000}",,,
acafacf2-c2a9-4dbf-be5e-cf9650677317,"{""_seconds"":1748207806,""_nanoseconds"":529000000}","[""WHO"",""WHO"",""Personal"",""Mental""]",Values,who,cfeb7217-f426-4ed2-8d89-ca5d67a6428f,,1,"{""_seconds"":1748207806,""_nanoseconds"":529000000}",,,
ad542676-f5a0-4005-85e6-1bd3b81f43d5,"{""_seconds"":1748207806,""_nanoseconds"":313000000}","[""WHO"",""WHO"",""Family""]",Pets,who,fb4c7a60-676e-4cf5-8460-2c13311119c6,,9,"{""_seconds"":1748207806,""_nanoseconds"":313000000}",,,
,"{""_seconds"":1747960572,""_nanoseconds"":741000000}",,My Paternal Grandmother,,MowCTp9EvYYngVVpQI8t,,11,"{""_seconds"":1747960572,""_nanoseconds"":741000000}",2,2,
b44acbd3-0933-44f7-8518-06492a767bac,"{""_seconds"":1748207806,""_nanoseconds"":495000000}","[""WHO"",""WHO"",""Family"",""Children""]",William,who,fa90de44-6309-4df7-ba1e-d7ef54971d71,,1,"{""_seconds"":1748207806,""_nanoseconds"":495000000}",,,
b910fdf0-76a0-4a8f-851b-1aa603c45a30,"{""_seconds"":1748207809,""_nanoseconds"":395000000}","[""WHERE"",""WHERE"",""World"",""Domestic"",""Country"",""State"",""City"",""Place""]",Spanish Villas,where,3c988ba4-eda0-4b3a-ba66-2653243692b7,,7,"{""_seconds"":1748207809,""_nanoseconds"":395000000}",,,
,"{""_seconds"":1747960635,""_nanoseconds"":104000000}",,Restaurants,,RV1kHSJ6OcTLmrxnTnGT,,0,"{""_seconds"":1747960635,""_nanoseconds"":104000000}",4,4,
ba2bf2b7-f2f6-41d5-80a2-493a73255910,"{""_seconds"":1748207809,""_nanoseconds"":362000000}","[""WHERE"",""WHERE"",""World"",""Domestic"",""Country"",""State"",""City"",""Place""]",Woodbrook Dr.,where,3c988ba4-eda0-4b3a-ba66-2653243692b7,,12,"{""_seconds"":1748207809,""_nanoseconds"":362000000}",,,
bbc8f2c6-42bd-467b-8ab4-12bb0fd6bfaa,"{""_seconds"":1748207806,""_nanoseconds"":351000000}","[""WHO"",""WHO"",""Family"",""Children""]",Caroline,who,fa90de44-6309-4df7-ba1e-d7ef54971d71,,3,"{""_seconds"":1748207806,""_nanoseconds"":351000000}",,,
,"{""_seconds"":1747960574,""_nanoseconds"":880000000}",,My Maternal Step-Grandmother,,MowCTp9EvYYngVVpQI8t,,14,"{""_seconds"":1747960574,""_nanoseconds"":880000000}",2,2,
,"{""_seconds"":1747960603,""_nanoseconds"":681000000}",,"Chief Financial Officer, Americas",,LE77FDpaews7aPaM9gv3,,0,"{""_seconds"":1747960603,""_nanoseconds"":681000000}",4,4,
c164e8e0-c434-4fc3-ae91-3ced39c2a5eb,"{""_seconds"":1748207806,""_nanoseconds"":481000000}","[""WHAT - Themes/Domains"",""WHAT - Themes/Domains"",""Education""]",Elementary,what,c3896ed1-bb2e-4cc1-8be0-2bb219a991c2,,3,"{""_seconds"":1748207806,""_nanoseconds"":481000000}",,,
c3896ed1-bb2e-4cc1-8be0-2bb219a991c2,"{""_seconds"":1748207806,""_nanoseconds"":471000000}","[""WHAT - Themes/Domains"",""WHAT - Themes/Domains""]",Education,what,e14d08ba-222d-4c0c-b880-ee392bbf8f69,,2,"{""_seconds"":1748207806,""_nanoseconds"":471000000}",,,
,"{""_seconds"":1747960609,""_nanoseconds"":381000000}",,Marriage,,7S0RUA52WmH0Qgia8Rtn,,0,"{""_seconds"":1747960609,""_nanoseconds"":381000000}",3,3,
c86050f7-c0c0-4872-a471-69d0156c4e0a,"{""_seconds"":1748207809,""_nanoseconds"":382000000}","[""WHERE"",""WHERE"",""World"",""Domestic"",""Country"",""State"",""City"",""Place""]",Maple St.,where,3c988ba4-eda0-4b3a-ba66-2653243692b7,,6,"{""_seconds"":1748207809,""_nanoseconds"":382000000}",,,
c9fceaac-ed8b-44ee-8aaa-73d05ae19588,"{""_seconds"":1748207809,""_nanoseconds"":344000000}","[""WHERE"",""WHERE"",""World"",""International"",""Country"",""State"",""City""]",Place,where,ef144a14-99ed-4974-9ead-a75e88e75aa6,,1,"{""_seconds"":1748207809,""_nanoseconds"":344000000}",,,
,"{""_seconds"":1747960603,""_nanoseconds"":536000000}",,Chief Financial Officer,,jaqrgSdgPP3VwWvBDRYe,,1,"{""_seconds"":1747960603,""_nanoseconds"":536000000}",4,4,
cbd741a2-43da-4f55-94ae-c244612f7fa7,"{""_seconds"":1748207807,""_nanoseconds"":968000000}","[""About"",""About"",""Experiential"",""Society & Culture""]",Books,about,a947cc79-7211-47ea-b3b4-f3d28a8e1b24,,2,"{""_seconds"":1748207807,""_nanoseconds"":968000000}",,,
cc665c87-ed48-47e8-9689-b9d400be9070,"{""_seconds"":1748207809,""_nanoseconds"":429000000}","[""Most""]",Most,about,,1,18,"{""_seconds"":1748207809,""_nanoseconds"":429000000}",,,
ccdf9113-d107-4a79-a7b3-19c2c9d66472,"{""_seconds"":1748207806,""_nanoseconds"":245000000}","[""WHO""]",WHO,who,,,1,"{""_seconds"":1748207806,""_nanoseconds"":245000000}",,,
,"{""_seconds"":1747960655,""_nanoseconds"":131000000}",,2004,,mWxJC1PNEAjkOGWX981y,,4,"{""_seconds"":1747960655,""_nanoseconds"":131000000}",4,4,
cfeb7217-f426-4ed2-8d89-ca5d67a6428f,"{""_seconds"":1748207806,""_nanoseconds"":327000000}","[""WHO"",""WHO"",""Personal""]",Mental,who,9282660b-e9ae-49f7-8ed1-a82ace0ab1d7,,2,"{""_seconds"":1748207806,""_nanoseconds"":327000000}",,,
,"{""_seconds"":1747960581,""_nanoseconds"":922000000}",,Personal,,CPXSTDDuCznmtxQZYGMt,,11,"{""_seconds"":1747960581,""_nanoseconds"":922000000}",3,3,
,"{""_seconds"":1747960653,""_nanoseconds"":273000000}",,1983,,nYLMuRcZEdyw5qM5zXBW,,3,"{""_seconds"":1748665616,""_nanoseconds"":182000000}",4,4,
,"{""_seconds"":1747960600,""_nanoseconds"":550000000}",,Career,,qmYO3767JUq1jRbdpWvM,,2,"{""_seconds"":1747960600,""_nanoseconds"":550000000}",2,2,
d6d8e39f-3477-4e3b-b1c0-1e4a71c16f90,"{""_seconds"":1748207807,""_nanoseconds"":949000000}","[""About"",""About"",""Experiential""]",Homes & Moves,about,a9b86e37-91a5-4702-9fe4-ca20c1691c34,,6,"{""_seconds"":1748207807,""_nanoseconds"":949000000}",,,
d79037f4-76f4-430a-b81f-faf6dd0f73a0,"{""_seconds"":1748207806,""_nanoseconds"":333000000}","[""WHAT - Themes/Domains"",""WHAT - Themes/Domains"",""Ancestry"",""Family Names""]",Davis,what,1bdf9132-fa0a-4e67-b4f4-b1a749ebbe2e,,2,"{""_seconds"":1748207806,""_nanoseconds"":333000000}",,,
d8ffd7de-b9e7-42f6-9e9c-46c51ba3ced2,"{""_seconds"":1748207806,""_nanoseconds"":311000000}","[""WHO"",""WHO"",""Family"",""Children""]",Elizabeth,who,fa90de44-6309-4df7-ba1e-d7ef54971d71,,2,"{""_seconds"":1748207806,""_nanoseconds"":311000000}",,,
,"{""_seconds"":1747960587,""_nanoseconds"":765000000}",,Family,,eaRrQrLhkuSFvo4aJNe0,,25,"{""_seconds"":1747960587,""_nanoseconds"":765000000}",3,3,
,"{""_seconds"":1747960617,""_nanoseconds"":617000000}",,Grandchildren,,zKa9ymJQUI8dA5x9p3bV,,101,"{""_seconds"":1747960617,""_nanoseconds"":617000000}",3,3,
da2d455e-8884-488c-a11f-4901ea45e5b9,"{""_seconds"":1748207807,""_nanoseconds"":901000000}","[""About"",""About"",""Experiential"",""Holidays""]",Thanksgiving,about,332b9bc7-e145-4895-b70f-24cfef6daf3f,,3,"{""_seconds"":1748207807,""_nanoseconds"":901000000}",,,
da2fd7e2-468b-4710-a8b5-9acf76914a43,"{""_seconds"":1748207809,""_nanoseconds"":432000000}","[""Best""]",Best,about,,1,16,"{""_seconds"":1748207809,""_nanoseconds"":432000000}",,,
,"{""_seconds"":1747960598,""_nanoseconds"":648000000}",,Internship,,IRT95xyLYnCtR3offhh7,,2,"{""_seconds"":1747960598,""_nanoseconds"":648000000}",4,4,
,"{""_seconds"":1747960651,""_nanoseconds"":743000000}",,1967,,RxjXFh2MPTgLqpNTq2Nm,,7,"{""_seconds"":1748665529,""_nanoseconds"":151000000}",4,4,
e0328e34-cb3f-4841-859f-0e8d046a88c4,"{""_seconds"":1748207806,""_nanoseconds"":464000000}","[""WHAT - Themes/Domains"",""WHAT - Themes/Domains"",""Education""]",Kindergarten,what,c3896ed1-bb2e-4cc1-8be0-2bb219a991c2,,2,"{""_seconds"":1748207806,""_nanoseconds"":464000000}",,,
e14d08ba-222d-4c0c-b880-ee392bbf8f69,"{""_seconds"":1748207806,""_nanoseconds"":388000000}","[""WHAT - Themes/Domains""]",WHAT,what,,,2,"{""_seconds"":1748207806,""_nanoseconds"":388000000}",,,
e2c3a948-50d6-4b81-af6d-181c7b0d431c,"{""_seconds"":1748207806,""_nanoseconds"":431000000}","[""WHO"",""WHO"",""Family"",""GrandParents""]",Maternal Step Grand Mother,who,9e806e92-1d03-4bb5-ab56-55fabd0590d9,,5,"{""_seconds"":1748207806,""_nanoseconds"":431000000}",,,
e34da660-e280-49a9-b4ce-a54b6190393b,"{""_seconds"":1748207809,""_nanoseconds"":396000000}","[""WHERE"",""WHERE"",""World"",""Domestic"",""Country"",""State"",""City"",""Place""]",Parkins Mill Rd.,where,3c988ba4-eda0-4b3a-ba66-2653243692b7,,4,"{""_seconds"":1748207809,""_nanoseconds"":396000000}",,,
e8cced4a-99ab-4679-99cb-99749217e398,"{""_seconds"":1748207807,""_nanoseconds"":921000000}","[""WHAT - Themes/Domains"",""WHAT - Themes/Domains"",""Financial"",""Income & Career""]",Dune,what,094759fd-f454-4ac9-b11d-a2d05635203c,,8,"{""_seconds"":1748207807,""_nanoseconds"":921000000}",,,
,"{""_seconds"":1747960609,""_nanoseconds"":528000000}",,Brady,,c4jxYRZlPWWNkzBJnOzr,,1,"{""_seconds"":1747960609,""_nanoseconds"":528000000}",4,4,
,"{""_seconds"":1747960635,""_nanoseconds"":333000000}",,Wine,,RV1kHSJ6OcTLmrxnTnGT,,3,"{""_seconds"":1747960635,""_nanoseconds"":333000000}",4,4,
,"{""_seconds"":1747960653,""_nanoseconds"":756000000}",,1989,,nYLMuRcZEdyw5qM5zXBW,,9,"{""_seconds"":1748665669,""_nanoseconds"":768000000}",4,4,
,"{""_seconds"":1747960655,""_nanoseconds"":204000000}",,2005,,mWxJC1PNEAjkOGWX981y,,5,"{""_seconds"":1747960655,""_nanoseconds"":204000000}",4,4,
,"{""_seconds"":1747960584,""_nanoseconds"":432000000}",,High School,,mRmrTG9JkhXAKgIYDULH,,3,"{""_seconds"":1747960584,""_nanoseconds"":432000000}",2,2,
ebab6d84-ecca-4835-92fb-6e18cf263880,"{""_seconds"":1748207809,""_nanoseconds"":412000000}","[""WHERE"",""WHERE"",""World"",""Domestic"",""Country"",""State"",""City"",""Place""]",Cleveland St.,where,3c988ba4-eda0-4b3a-ba66-2653243692b7,,3,"{""_seconds"":1748207809,""_nanoseconds"":412000000}",,,
ebba7707-861a-436f-a504-124f4b3de4a1,"{""_seconds"":1748207807,""_nanoseconds"":961000000}","[""About"",""About"",""Experiential""]",Science & Technology,about,a9b86e37-91a5-4702-9fe4-ca20c1691c34,,9,"{""_seconds"":1748207807,""_nanoseconds"":961000000}",,,
ec8037ab-2431-49c0-8c73-6f0ef8852caf,"{""_seconds"":1748207806,""_nanoseconds"":397000000}","[""WHO"",""WHO"",""Family"",""Parents""]",Father,who,3902ef24-6170-405f-9e90-6c99bf890cb3,,1,"{""_seconds"":1748207806,""_nanoseconds"":397000000}",,,
ed6ca82d-2aa6-404d-9999-b602bebc7622,"{""_seconds"":1748207809,""_nanoseconds"":446000000}","[""Least-Favorite""]",Least-Favorite,about,,1,21,"{""_seconds"":1748207809,""_nanoseconds"":446000000}",,,
ef144a14-99ed-4974-9ead-a75e88e75aa6,"{""_seconds"":1748207809,""_nanoseconds"":345000000}","[""WHERE"",""WHERE"",""World"",""International"",""Country"",""State""]",City,where,116a0873-1552-4836-89c8-0aacc90b794e,,1,"{""_seconds"":1748207809,""_nanoseconds"":345000000}",,,
ef6ae7ed-b019-4701-9fed-ec0a6ad071b6,"{""_seconds"":1748207809,""_nanoseconds"":363000000}","[""WHERE"",""WHERE"",""World"",""Domestic"",""Country"",""State"",""City"",""Place""]",Creighton St.,where,3c988ba4-eda0-4b3a-ba66-2653243692b7,,2,"{""_seconds"":1748207809,""_nanoseconds"":363000000}",,,
,"{""_seconds"":1747960625,""_nanoseconds"":24000000}",,Relationships,,e14d08ba-222d-4c0c-b880-ee392bbf8f69,,1,"{""_seconds"":1748665119,""_nanoseconds"":525000000}",2,2,
,"{""_seconds"":1747960651,""_nanoseconds"":297000000}",,1961,,RxjXFh2MPTgLqpNTq2Nm,,1,"{""_seconds"":1748665468,""_nanoseconds"":913000000}",4,4,
f062f33c-7d88-4565-b887-63356301418c,"{""_seconds"":1748207807,""_nanoseconds"":964000000}","[""About"",""About"",""Experiential""]",Economy & Business,about,a9b86e37-91a5-4702-9fe4-ca20c1691c34,,10,"{""_seconds"":1748207807,""_nanoseconds"":964000000}",,,
f168944e-6ae4-4391-9629-7f1fd9ad149f,"{""_seconds"":1748207806,""_nanoseconds"":499000000}","[""WHAT - Themes/Domains"",""WHAT - Themes/Domains"",""Education"",""High School""]",Prom,what,92e024b5-fa45-46af-bc8f-f3a7976c722f,,2,"{""_seconds"":1748207806,""_nanoseconds"":499000000}",,,
f1b497ad-6c67-4fb4-adc3-64bd7e3ddc69,"{""_seconds"":1748207809,""_nanoseconds"":410000000}","[""WHERE"",""WHERE"",""World"",""Domestic"",""Country"",""State"",""City"",""Place""]",Andellle Ave.,where,3c988ba4-eda0-4b3a-ba66-2653243692b7,,13,"{""_seconds"":1748207809,""_nanoseconds"":410000000}",,,
f243ad1b-39b7-42f8-8abe-40f855ab34e5,"{""_seconds"":1748207806,""_nanoseconds"":294000000}","[""WHO"",""WHO"",""Family"",""GrandParents""]",Paternal Grand Father,who,9e806e92-1d03-4bb5-ab56-55fabd0590d9,,1,"{""_seconds"":1748207806,""_nanoseconds"":294000000}",,,
f2566bc0-20bb-4d59-974c-596797762215,"{""_seconds"":1748207807,""_nanoseconds"":891000000}","[""WHAT - Themes/Domains"",""WHAT - Themes/Domains"",""Marriage""]",Ceremony,what,735239ca-567e-4b1c-8565-5f911e5d5bbd,,1,"{""_seconds"":1748207807,""_nanoseconds"":891000000}",,,
f4207335-cb40-48ed-a6b4-56d7334b9145,"{""_seconds"":1748207807,""_nanoseconds"":976000000}","[""WHEN""]",WHEN,when,,,3,"{""_seconds"":1748207807,""_nanoseconds"":976000000}",,,
f95fb50f-e3e2-4203-8fdf-21f713ed0750,"{""_seconds"":1748207809,""_nanoseconds"":426000000}","[""Evolution""]",Evolution,about,,1,13,"{""_seconds"":1748207809,""_nanoseconds"":426000000}",,,
,"{""_seconds"":1747960619,""_nanoseconds"":335000000}",,Looking Forward,,6UKjnlddFO8XrxEHLz9U,,1,"{""_seconds"":1747960619,""_nanoseconds"":335000000}",4,4,
fa90de44-6309-4df7-ba1e-d7ef54971d71,"{""_seconds"":1748207806,""_nanoseconds"":300000000}","[""WHO"",""WHO"",""Family""]",Children,who,fb4c7a60-676e-4cf5-8460-2c13311119c6,,6,"{""_seconds"":1748207806,""_nanoseconds"":300000000}",,,
fb4c7a60-676e-4cf5-8460-2c13311119c6,"{""_seconds"":1748207806,""_nanoseconds"":278000000}","[""WHO"",""WHO""]",Family,who,ccdf9113-d107-4a79-a7b3-19c2c9d66472,,2,"{""_seconds"":1748207806,""_nanoseconds"":278000000}",,,
fb86d523-4612-486b-8bd3-5a0f53992350,"{""_seconds"":1748207807,""_nanoseconds"":929000000}","[""About"",""About"",""Experiential""]",Cars,about,a9b86e37-91a5-4702-9fe4-ca20c1691c34,,3,"{""_seconds"":1748207807,""_nanoseconds"":929000000}",,,
fd06ebdd-2591-4b84-9c4b-54560dc2a0c9,"{""_seconds"":1748207809,""_nanoseconds"":431000000}","[""Inspiration""]",Inspiration,about,,1,15,"{""_seconds"":1748207809,""_nanoseconds"":431000000}",,,
fd398862-be8e-4ca7-afc1-59e8903b48cf,"{""_seconds"":1748207806,""_nanoseconds"":380000000}","[""WHO"",""WHO"",""Personal""]",Physical,who,9282660b-e9ae-49f7-8ed1-a82ace0ab1d7,,1,"{""_seconds"":1748207806,""_nanoseconds"":380000000}",,,
,"{""_seconds"":1747960650,""_nanoseconds"":247000000}",,The Decades,,1583b0e8-0f3e-473f-8be8-ad0bad78826a,,5,"{""_seconds"":1748666245,""_nanoseconds"":563000000}",1,1,
,"{""_seconds"":1747960621,""_nanoseconds"":220000000}",,Personal Reflection,,qmYO3767JUq1jRbdpWvM,,7,"{""_seconds"":1747960621,""_nanoseconds"":220000000}",2,2,
,"{""_seconds"":1747960653,""_nanoseconds"":430000000}",,1985,,nYLMuRcZEdyw5qM5zXBW,,5,"{""_seconds"":1748665631,""_nanoseconds"":300000000}",4,4,
,"{""_seconds"":1747960598,""_nanoseconds"":200000000}",,Graduate School,,qmYO3767JUq1jRbdpWvM,,1,"{""_seconds"":1747960598,""_nanoseconds"":200000000}",2,2,
,"{""_seconds"":1747960655,""_nanoseconds"":364000000}",,2007,,mWxJC1PNEAjkOGWX981y,,7,"{""_seconds"":1747960655,""_nanoseconds"":364000000}",4,4,
,"{""_seconds"":1747960655,""_nanoseconds"":936000000}",,2013,,EzDPICFFlo1IOIQ0UXNO,,3,"{""_seconds"":1748665742,""_nanoseconds"":2000000}",4,4,
,"{""_seconds"":1747960652,""_nanoseconds"":108000000}",,"1970,",,GTWPUbW6oZjCD0wH2twI,,0,"{""_seconds"":1747960652,""_nanoseconds"":108000000}",4,4,
,"{""_seconds"":1747960652,""_nanoseconds"":284000000}",,1972,,GTWPUbW6oZjCD0wH2twI,,2,"{""_seconds"":1747960652,""_nanoseconds"":284000000}",4,4,
,"{""_seconds"":1747960629,""_nanoseconds"":493000000}",,Vacations,,wkb24WrIxoboiYCqpIqL,,6,"{""_seconds"":1747960629,""_nanoseconds"":493000000}",2,2,
,"{""_seconds"":1747960630,""_nanoseconds"":802000000}",,Laptops.,,6yvVpCkALTtQWubQFp9M,,2,"{""_seconds"":1747960630,""_nanoseconds"":802000000}",4,4,
,"{""_seconds"":1747960656,""_nanoseconds"":400000000}",,2019,,EzDPICFFlo1IOIQ0UXNO,,9,"{""_seconds"":1748665787,""_nanoseconds"":987000000}",4,4,
,"{""_seconds"":1747960601,""_nanoseconds"":434000000}",,Associate Director of Corporate Relations,,REWKJCvw6JZFQ1yPI3hv,,0,"{""_seconds"":1747960601,""_nanoseconds"":434000000}",4,4,
,"{""_seconds"":1747960632,""_nanoseconds"":380000000}",,Best trip,,nFdGfPq9Xgf6Vx9oPQ8v,,1,"{""_seconds"":1747960632,""_nanoseconds"":380000000}",4,4,
,"{""_seconds"":1747960653,""_nanoseconds"":680000000}",,1988,,nYLMuRcZEdyw5qM5zXBW,,8,"{""_seconds"":1748665658,""_nanoseconds"":738000000}",4,4,
,"{""_seconds"":1747960653,""_nanoseconds"":591000000}",,1987,,nYLMuRcZEdyw5qM5zXBW,,7,"{""_seconds"":1748665651,""_nanoseconds"":124000000}",4,4,
,"{""_seconds"":1747960600,""_nanoseconds"":414000000}",,Basketball,,IRT95xyLYnCtR3offhh7,,26,"{""_seconds"":1747960600,""_nanoseconds"":414000000}",4,4,
,"{""_seconds"":1747960591,""_nanoseconds"":948000000}",,Social,,UvsVcAoZ1Wy53cDYTXnv,,35,"{""_seconds"":1747960591,""_nanoseconds"":948000000}",3,3,
,"{""_seconds"":1747960603,""_nanoseconds"":448000000}",,"Vice President, Finance",,jaqrgSdgPP3VwWvBDRYe,,0,"{""_seconds"":1747960603,""_nanoseconds"":448000000}",4,4,
,"{""_seconds"":1747960650,""_nanoseconds"":88000000}",,Toughest/easiest,,XgRP1muDpMPhV6fO6nSN,,0,"{""_seconds"":1747960650,""_nanoseconds"":88000000}",4,4,
,"{""_seconds"":1747960603,""_nanoseconds"":381000000}",,McKesson,,d5HrO5kl9zZu6hpSGVPg,,7,"{""_seconds"":1747960603,""_nanoseconds"":381000000}",3,3,
,"{""_seconds"":1747960609,""_nanoseconds"":605000000}",,"Linbrook Drive, Columbia, South Carolina",,c4jxYRZlPWWNkzBJnOzr,,2,"{""_seconds"":1747960609,""_nanoseconds"":605000000}",4,4,
,"{""_seconds"":1747960593,""_nanoseconds"":608000000}",,Society & Culture,,UvsVcAoZ1Wy53cDYTXnv,,57,"{""_seconds"":1747960593,""_nanoseconds"":608000000}",3,3,
,"{""_seconds"":1747960565,""_nanoseconds"":259000000}",,,,rIFfZboQxjBPJ27evGnN,,4,"{""_seconds"":1747960565,""_nanoseconds"":259000000}",3,3,
,"{""_seconds"":1747960648,""_nanoseconds"":251000000}",,Issues,,wkb24WrIxoboiYCqpIqL,,24,"{""_seconds"":1747960648,""_nanoseconds"":251000000}",2,2,
,"{""_seconds"":1747960636,""_nanoseconds"":816000000}",,Fears,,PaPgvkeesEiO7ZFslx5P,,25,"{""_seconds"":1747960636,""_nanoseconds"":816000000}",3,3,
,"{""_seconds"":1747960657,""_nanoseconds"":159000000}",,2025,,tnVAlnyVSUmJCrSBtZ8G,,5,"{""_seconds"":1748665858,""_nanoseconds"":306000000}",4,4,
,"{""_seconds"":1747960602,""_nanoseconds"":489000000}",,European Controller,,JPK9TOJnRrCskwHeLzYl,,3,"{""_seconds"":1747960602,""_nanoseconds"":489000000}",4,4,
,"{""_seconds"":1747960651,""_nanoseconds"":218000000}",,1960,,RxjXFh2MPTgLqpNTq2Nm,,0,"{""_seconds"":1748665453,""_nanoseconds"":134000000}",4,4,
,"{""_seconds"":1747960582,""_nanoseconds"":246000000}",,Family,,CPXSTDDuCznmtxQZYGMt,,15,"{""_seconds"":1747960582,""_nanoseconds"":246000000}",3,3,
,"{""_seconds"":1747960653,""_nanoseconds"":199000000}",,1982,,nYLMuRcZEdyw5qM5zXBW,,2,"{""_seconds"":1748665608,""_nanoseconds"":454000000}",4,4,
,"{""_seconds"":1747960632,""_nanoseconds"":458000000}",,Worst trip,,nFdGfPq9Xgf6Vx9oPQ8v,,2,"{""_seconds"":1747960632,""_nanoseconds"":458000000}",4,4,
,"{""_seconds"":1747960566,""_nanoseconds"":517000000}",,The Davis Side,,O64uwftUDqvRrzVDOKHO,,2,"{""_seconds"":1747960566,""_nanoseconds"":517000000}",4,4,
,"{""_seconds"":1747960602,""_nanoseconds"":417000000}",,"Finance Manager, ROW",,JPK9TOJnRrCskwHeLzYl,,2,"{""_seconds"":1747960602,""_nanoseconds"":417000000}",4,4,
,"{""_seconds"":1747960654,""_nanoseconds"":207000000}",,1993,,rPZ1AFp1DU0dyuQA3Occ,,3,"{""_seconds"":1747960654,""_nanoseconds"":207000000}",4,4,
,"{""_seconds"":1747960651,""_nanoseconds"":515000000}",,1964,,RxjXFh2MPTgLqpNTq2Nm,,4,"{""_seconds"":1748665499,""_nanoseconds"":135000000}",4,4,
,"{""_seconds"":1747960603,""_nanoseconds"":231000000}",,"Vice President, Finance, CFO",,DVMdF9s8eUjNJaLqMw1j,,0,"{""_seconds"":1747960603,""_nanoseconds"":231000000}",4,4,
,"{""_seconds"":1747960564,""_nanoseconds"":961000000}",,,,rIFfZboQxjBPJ27evGnN,,1,"{""_seconds"":1747960564,""_nanoseconds"":961000000}",3,3,
,"{""_seconds"":1747960638,""_nanoseconds"":746000000}",,Holidays,,wkb24WrIxoboiYCqpIqL,,14,"{""_seconds"":1747960638,""_nanoseconds"":746000000}",2,2,
,"{""_seconds"":1747960656,""_nanoseconds"":866000000}",,2022,,tnVAlnyVSUmJCrSBtZ8G,,2,"{""_seconds"":1748665833,""_nanoseconds"":941000000}",4,4,
,"{""_seconds"":1747960575,""_nanoseconds"":278000000}",,Preschool,,,,2,"{""_seconds"":1747960575,""_nanoseconds"":278000000}",1,1,
,"{""_seconds"":1747960654,""_nanoseconds"":757000000}",,"The
2000�s",,gLqr5nsFGLWzDxSLuGTg,,5,"{""_seconds"":1747960654,""_nanoseconds"":757000000}",2,2,
,"{""_seconds"":1747960654,""_nanoseconds"":133000000}",,1992,,rPZ1AFp1DU0dyuQA3Occ,,2,"{""_seconds"":1747960654,""_nanoseconds"":133000000}",4,4,
,"{""_seconds"":1747960586,""_nanoseconds"":607000000}",,Parkins Mill Road,,Py14pj1fw9fVbDrEC5zH,,1,"{""_seconds"":1747960586,""_nanoseconds"":607000000}",4,4,
,"{""_seconds"":1747960602,""_nanoseconds"":132000000}",,Financial Analyst,,NF9HnvfZz3gbSBtJE0tE,,0,"{""_seconds"":1747960602,""_nanoseconds"":132000000}",4,4,
,"{""_seconds"":1747960635,""_nanoseconds"":656000000}",,Sandwich,,RV1kHSJ6OcTLmrxnTnGT,,7,"{""_seconds"":1747960635,""_nanoseconds"":656000000}",4,4,
,"{""_seconds"":1747960652,""_nanoseconds"":883000000}",,The 1980�s,,gLqr5nsFGLWzDxSLuGTg,,3,"{""_seconds"":1747960652,""_nanoseconds"":883000000}",2,2,
,"{""_seconds"":1747960571,""_nanoseconds"":695000000}",,My Grand Parents,,MowCTp9EvYYngVVpQI8t,,9,"{""_seconds"":1747960571,""_nanoseconds"":695000000}",2,2,
,"{""_seconds"":1747960637,""_nanoseconds"":501000000}",,What are your Weaknesses,,PaPgvkeesEiO7ZFslx5P,,34,"{""_seconds"":1747960637,""_nanoseconds"":501000000}",3,3,
,"{""_seconds"":1747960651,""_nanoseconds"":812000000}",,1968,,RxjXFh2MPTgLqpNTq2Nm,,8,"{""_seconds"":1748665543,""_nanoseconds"":272000000}",4,4,
,"{""_seconds"":1747960609,""_nanoseconds"":962000000}",,Being a Father,,zKa9ymJQUI8dA5x9p3bV,,2,"{""_seconds"":1747960609,""_nanoseconds"":962000000}",3,3,
,"{""_seconds"":1747960595,""_nanoseconds"":929000000}",,"The
1970�s",,XUU5kEjbBtedtOEzBDV7,,15,"{""_seconds"":1747960595,""_nanoseconds"":929000000}",4,4,
,"{""_seconds"":1747960635,""_nanoseconds"":566000000}",,Ice Cream,,RV1kHSJ6OcTLmrxnTnGT,,6,"{""_seconds"":1747960635,""_nanoseconds"":566000000}",4,4,
,"{""_seconds"":1747960573,""_nanoseconds"":269000000}",,The Tattle Tail,,m1L3PCd92USNbuamaUBV,,3,"{""_seconds"":1747960573,""_nanoseconds"":269000000}",4,4,
,"{""_seconds"":1747960583,""_nanoseconds"":841000000}",,Lab Partner Crush,,6eOcAdcqPufMcv8m05r9,,3,"{""_seconds"":1747960583,""_nanoseconds"":841000000}",4,4,
,"{""_seconds"":1747960610,""_nanoseconds"":197000000}",,Elizabeth,,zKa9ymJQUI8dA5x9p3bV,,4,"{""_seconds"":1747960610,""_nanoseconds"":197000000}",3,3,
,"{""_seconds"":1747960655,""_nanoseconds"":800000000}",,2011,,EzDPICFFlo1IOIQ0UXNO,,1,"{""_seconds"":1748665726,""_nanoseconds"":972000000}",4,4,
,"{""_seconds"":1747960598,""_nanoseconds"":713000000}",,The Arrival,,IRT95xyLYnCtR3offhh7,,3,"{""_seconds"":1747960598,""_nanoseconds"":713000000}",4,4,
,"{""_seconds"":1747960636,""_nanoseconds"":896000000}",,Loves,,PaPgvkeesEiO7ZFslx5P,,26,"{""_seconds"":1747960636,""_nanoseconds"":896000000}",3,3,
,"{""_seconds"":1747960655,""_nanoseconds"":865000000}",,2012,,EzDPICFFlo1IOIQ0UXNO,,2,"{""_seconds"":1748665734,""_nanoseconds"":703000000}",4,4,
,"{""_seconds"":1747960595,""_nanoseconds"":39000000}",,Scheduling,,XUU5kEjbBtedtOEzBDV7,,3,"{""_seconds"":1747960595,""_nanoseconds"":39000000}",4,4,
,"{""_seconds"":1747960605,""_nanoseconds"":662000000}",,Which was your best job,,AwcWvotYnReqXI3mJcGp,,16,"{""_seconds"":1747960605,""_nanoseconds"":662000000}",3,3,
,"{""_seconds"":1747960651,""_nanoseconds"":447000000}",,1963,,RxjXFh2MPTgLqpNTq2Nm,,3,"{""_seconds"":1748665487,""_nanoseconds"":313000000}",4,4,
,"{""_seconds"":1747960635,""_nanoseconds"":257000000}",,Color,,RV1kHSJ6OcTLmrxnTnGT,,2,"{""_seconds"":1747960635,""_nanoseconds"":257000000}",4,4,
,"{""_seconds"":1747960593,""_nanoseconds"":757000000}",,Adulthood,,,,3,"{""_seconds"":1747960593,""_nanoseconds"":757000000}",1,1,
,"{""_seconds"":1747960565,""_nanoseconds"":81000000}",,,,rIFfZboQxjBPJ27evGnN,,2,"{""_seconds"":1747960565,""_nanoseconds"":81000000}",3,3,
,"{""_seconds"":1747960564,""_nanoseconds"":713000000}",,My Birth,,MowCTp9EvYYngVVpQI8t,,1,"{""_seconds"":1747960564,""_nanoseconds"":713000000}",2,2,
,"{""_seconds"":1747960653,""_nanoseconds"":844000000}",,The 1990�s,,gLqr5nsFGLWzDxSLuGTg,,4,"{""_seconds"":1747960653,""_nanoseconds"":844000000}",2,2,
,"{""_seconds"":1747960566,""_nanoseconds"":729000000}",,My Parents,,MowCTp9EvYYngVVpQI8t,,3,"{""_seconds"":1747960566,""_nanoseconds"":729000000}",2,2,
,"{""_seconds"":1747960652,""_nanoseconds"":808000000}",,1979,,GTWPUbW6oZjCD0wH2twI,,9,"{""_seconds"":1747960652,""_nanoseconds"":808000000}",4,4,
,"{""_seconds"":1747960593,""_nanoseconds"":833000000}",,College,,qmYO3767JUq1jRbdpWvM,,0,"{""_seconds"":1747960593,""_nanoseconds"":833000000}",2,2,
,"{""_seconds"":1747960609,""_nanoseconds"":457000000}",,Springbrook,,c4jxYRZlPWWNkzBJnOzr,,0,"{""_seconds"":1747960609,""_nanoseconds"":457000000}",4,4,
,"{""_seconds"":1747960649,""_nanoseconds"":946000000}",,My Children,,wkb24WrIxoboiYCqpIqL,,25,"{""_seconds"":1747960649,""_nanoseconds"":946000000}",2,2,
,"{""_seconds"":1747960656,""_nanoseconds"":722000000}",,2020,,tnVAlnyVSUmJCrSBtZ8G,,0,"{""_seconds"":1748665816,""_nanoseconds"":987000000}",4,4,
,"{""_seconds"":1747960626,""_nanoseconds"":558000000}",,Football,,p9hNivZyuamnyFRn7kRd,,0,"{""_seconds"":1747960626,""_nanoseconds"":558000000}",4,4,
,"{""_seconds"":1747960592,""_nanoseconds"":965000000}",,Familyship,,UvsVcAoZ1Wy53cDYTXnv,,48,"{""_seconds"":1747960592,""_nanoseconds"":965000000}",3,3,
,"{""_seconds"":1747960602,""_nanoseconds"":272000000}",,International Financial Analyst,,JPK9TOJnRrCskwHeLzYl,,0,"{""_seconds"":1747960602,""_nanoseconds"":272000000}",4,4,
,"{""_seconds"":1747960610,""_nanoseconds"":346000000}",,Caroline,,zKa9ymJQUI8dA5x9p3bV,,5,"{""_seconds"":1747960610,""_nanoseconds"":346000000}",3,3,
,"{""_seconds"":1747960654,""_nanoseconds"":683000000}",,1999,,rPZ1AFp1DU0dyuQA3Occ,,9,"{""_seconds"":1747960654,""_nanoseconds"":683000000}",4,4,
,"{""_seconds"":1747960581,""_nanoseconds"":675000000}",,Summer Movies,,ouW95gIZbMmELKi4e0TO,,0,"{""_seconds"":1747960581,""_nanoseconds"":675000000}",4,4,
,"{""_seconds"":1747960656,""_nanoseconds"":468000000}",,The 2020�s,,gLqr5nsFGLWzDxSLuGTg,,7,"{""_seconds"":1747960656,""_nanoseconds"":468000000}",2,2,
,"{""_seconds"":1747960654,""_nanoseconds"":65000000}",,1991,,rPZ1AFp1DU0dyuQA3Occ,,1,"{""_seconds"":1747960654,""_nanoseconds"":65000000}",4,4,
,"{""_seconds"":1747960639,""_nanoseconds"":124000000}",,Reflection,,wkb24WrIxoboiYCqpIqL,,16,"{""_seconds"":1747960639,""_nanoseconds"":124000000}",2,2,
,"{""_seconds"":1747960622,""_nanoseconds"":73000000}",,THEMES,,,,4,"{""_seconds"":1747960622,""_nanoseconds"":73000000}",1,1,
,"{""_seconds"":1747960653,""_nanoseconds"":498000000}",,1986,,nYLMuRcZEdyw5qM5zXBW,,6,"{""_seconds"":1748665639,""_nanoseconds"":802000000}",4,4,
,"{""_seconds"":1747960654,""_nanoseconds"":981000000}",,2002,,mWxJC1PNEAjkOGWX981y,,2,"{""_seconds"":1747960654,""_nanoseconds"":981000000}",4,4,
,"{""_seconds"":1747960566,""_nanoseconds"":799000000}",,My Father,,MowCTp9EvYYngVVpQI8t,,4,"{""_seconds"":1747960566,""_nanoseconds"":799000000}",2,2,
,"{""_seconds"":1747960652,""_nanoseconds"":741000000}",,"1978,",,GTWPUbW6oZjCD0wH2twI,,8,"{""_seconds"":1747960652,""_nanoseconds"":741000000}",4,4,
,"{""_seconds"":1747960635,""_nanoseconds"":182000000}",,Drinks,,RV1kHSJ6OcTLmrxnTnGT,,1,"{""_seconds"":1747960635,""_nanoseconds"":182000000}",4,4,
,"{""_seconds"":1747960609,""_nanoseconds"":739000000}",,Parenthood,,qmYO3767JUq1jRbdpWvM,,5,"{""_seconds"":1747960609,""_nanoseconds"":739000000}",2,2,
