Title,Category Path,Category,Category ID,Type,Category Level,Heading Level
Legacy Thoughts,Introduction,About,no match,Story,1,3
When were you born?,Introduction > My Birth,Birth,no match,Story,2,3
,Introduction > My Birth,Birth,no match,Story,2,3
,Introduction > My Birth,Birth,no match,Story,2,3
,Introduction > My Birth,Birth,no match,Story,2,3
,Introduction > My Birth,Birth,no match,Story,2,3
Where were you born?,Introduction > My Birth,Birth,no match,Story,2,3
"Like
James?",Introduction > My Birth > What�s the story behind your name?,Birth,no match,Story,3,4
What was happening in the world when you were born?,Introduction > My Birth,Birth,no match,Story,2,3
How much did things cost in 1959?,Introduction > My Birth,Birth,no match,Story,2,3
What is the story behind the family names?,Introduction > Family Names,Family Names,no match,Story,2,3
The Bond Side,Introduction > Family Names > What do you know about the family origins?,Family Names,no match,Story,3,4
The Bond Motto,Introduction > Family Names > What do you know about the family origins?,Family Names,no match,Story,3,4
The Davis Side,Introduction > Family Names > What do you know about the family origins?,Family Names,no match,Story,3,4
The Davis Motto,Introduction > Family Names > What do you know about the family origins?,Family Names,no match,Story,3,4
My Parents,Introduction,Family Names,no match,Story,1,2
When was your father born?,Introduction > My Father,Father,no match,Story,2,3
Where was your father born?,Introduction > My Father,Father,no match,Story,2,3
Did your father have any siblings?,Introduction > My Father,Father,no match,Story,2,3
What was he like when he was younger?,Introduction > My Father,Father,no match,Story,2,3
"What did your father
do for a living?",Introduction > My Father,Father,no match,Story,2,3
Newspaper Delivery,Introduction > My Father > What beliefs or values did he instill in you?,Father,no match,Story,3,4
Slingshot,Introduction > My Father > What beliefs or values did he instill in you?,Father,no match,Story,3,4
"Heart
of Gold",Introduction > My Father > What beliefs or values did he instill in you?,Father,no match,Story,3,4
Vacations,Introduction > My Father > What beliefs or values did he instill in you?,Father,no match,Story,3,4
No College,Introduction > My Father > What beliefs or values did he instill in you?,Father,no match,Story,3,4
Navy Service,Introduction > My Father > What beliefs or values did he instill in you?,Father,no match,Story,3,4
First Priority,Introduction > My Father > What beliefs or values did he instill in you?,Father,no match,Story,3,4
Fear of Mice,Introduction > My Father > What beliefs or values did he instill in you?,Father,no match,Story,3,4
Saturday Morning Post Office,Introduction > My Father > What beliefs or values did he instill in you?,Father,no match,Story,3,4
"No
Role Model",Introduction > My Father > What beliefs or values did he instill in you?,Father,no match,Story,3,4
Care for Others,Introduction > My Father > What qualities did you get from your father?,Father,no match,Story,3,4
Success From Humble Beginnings,Introduction > My Father > What do you admire most about your father?,Father,no match,Story,3,4
Making Decisions,Introduction > My Father > What do you admire most about your father?,Father,no match,Story,3,4
Tribute to My Father,Introduction > My Father > What do you admire most about your father?,Father,no match,Story,3,4
When was your mother born?,Introduction > My Mother,Mother,no match,Story,2,3
Where was your mother born?,Introduction > My Mother,Mother,no match,Story,2,3
Did your mother have any siblings?,Introduction > My Mother,Mother,no match,Story,2,3
Dedication,Introduction > My Mother > What was she like when she was younger?,Mother,no match,Story,3,4
What qualities did you get from your mother?,Introduction > My Mother,Mother,no match,Story,2,3
What things do you admire the most about your mother?,Introduction > My Mother,Mother,no match,Story,2,3
How did your parents meet?,Introduction > Their Partnership,Parents,no match,Story,2,3
What Was Your Name Again?,Introduction > Their Partnership > What stories do you remember of them dating?,Parents,no match,Story,3,4
Don�t You Ever Talk?,Introduction > Their Partnership > What stories do you remember of them dating?,Parents,no match,Story,3,4
When did they get married?,Introduction > Their Partnership,Parents,no match,Story,2,3
"Are you more like your father or your
mother? In what ways?",Introduction > Their Partnership,Parents,no match,Story,2,3
Were your parents strict or relaxed?,Introduction > Their Partnership,Parents,no match,Story,2,3
Did you ever rebel?,Introduction > Their Partnership,Parents,no match,Story,2,3
"What was your relationship with your parents like when you were a child,
teenager, or adult?",Introduction > Their Partnership,Parents,no match,Story,2,3
"What was an important lesson parents taught, lived by shared with kids?",Introduction > Their Partnership,Parents,no match,Story,2,3
Did you have any siblings?,Introduction > My Siblings,Siblings,no match,Story,2,3
How far apart in age are you?,Introduction > My Siblings,Siblings,no match,Story,2,3
Injury Prone,Introduction > My Siblings > What was it like being so close in age?,Siblings,no match,Story,3,4
What was it like being the oldest?,Introduction > My Siblings,Siblings,no match,Story,2,3
"How
similar or different are you?",Introduction > My Siblings,Siblings,no match,Story,2,3
What did you do together?,Introduction > My Siblings,Siblings,no match,Story,2,3
How did your parents handle discipline?,Introduction > My Siblings,Siblings,no match,Story,2,3
Who took care of you during the day?,Introduction > My Siblings,Siblings,no match,Story,2,3
What family activities were common?,Introduction > My Siblings,Siblings,no match,Story,2,3
What conflicts do you remember?,Introduction > My Siblings,Siblings,no match,Story,2,3
My Cousins,Introduction,Cousins,no match,Story,1,2
They Are People Too,Introduction > My Grand Parents > What reflections do you have about your grandparents?,Paternal Grandfather,no match,Story,3,4
"Who
was your paternal grandfather?","Introduction > My
Paternal Grandfather",Paternal Grandfather,no match,Story,2,3
What impact did he have on your life?,"Introduction > My
Paternal Grandfather",Paternal Grandfather,no match,Story,2,3
Orange Grove,"Introduction > My
Paternal Grandfather > What stories do you remember about him?",Paternal Grandfather,no match,Story,3,4
Solitaire,"Introduction > My
Paternal Grandfather > What stories do you remember about him?",Paternal Grandfather,no match,Story,3,4
Go West Young Man,"Introduction > My
Paternal Grandfather > What stories do you remember about him?",Paternal Grandfather,no match,Story,3,4
Gidget,"Introduction > My
Paternal Grandfather > What stories do you remember about him?",Paternal Grandfather,no match,Story,3,4
His Death,"Introduction > My
Paternal Grandfather > What stories do you remember about him?",Paternal Grandfather,no match,Story,3,4
Who was your paternal grandmother?,Introduction > My Paternal Grandmother,Paternal Grandmother,no match,Story,2,3
What impact did she have on your life?,Introduction > My Paternal Grandmother,Paternal Grandmother,no match,Story,2,3
Seamstress for Pennies,Introduction > My Paternal Grandmother > What stories do you remember about her?,Paternal Grandmother,no match,Story,3,4
Part-time Sitter,Introduction > My Paternal Grandmother > What stories do you remember about her?,Paternal Grandmother,no match,Story,3,4
Muddy Bikes,Introduction > My Paternal Grandmother > What stories do you remember about her?,Paternal Grandmother,no match,Story,3,4
The Tattle Tail,Introduction > My Paternal Grandmother > What stories do you remember about her?,Paternal Grandmother,no match,Story,3,4
Coconut Cake,Introduction > My Paternal Grandmother > What stories do you remember about her?,Paternal Grandmother,no match,Story,3,4
She Loved to Fish,Introduction > My Paternal Grandmother > What stories do you remember about her?,Paternal Grandmother,no match,Story,3,4
Who was your maternal grandfather?,Introduction > My Maternal Grandfather,Maternal Grandfather,no match,Story,2,3
What impact did he have on your life?,Introduction > My Maternal Grandfather,Maternal Grandfather,no match,Story,2,3
Cough Drops,Introduction > My Maternal Grandfather > What stories do you remember about him?,Maternal Grandfather,no match,Story,3,4
Do You Have a Penny?,Introduction > My Maternal Grandfather > What stories do you remember about him?,Maternal Grandfather,no match,Story,3,4
Santa Won�t Stop,Introduction > My Maternal Grandfather > What stories do you remember about him?,Maternal Grandfather,no match,Story,3,4
Handyman,Introduction > My Maternal Grandfather > What stories do you remember about him?,Maternal Grandfather,no match,Story,3,4
Who was your maternal grandmother?,Introduction > My Maternal Grandmother,Maternal Grandmother,no match,Story,2,3
What impact did he have on your life?,Introduction > My Maternal Grandmother,Maternal Grandmother,no match,Story,2,3
First Detective Show,Introduction > My Maternal Grandmother > What stories do you remember about her?,Maternal Grandmother,no match,Story,3,4
Different Inside,Introduction > My Maternal Grandmother > What stories do you remember about her?,Maternal Grandmother,no match,Story,3,4
Disrespect,Introduction > My Maternal Grandmother > What stories do you remember about her?,Maternal Grandmother,no match,Story,3,4
My Maternal Step-Grandmother,Introduction,Maternal Step Grandmother,no match,Story,1,2
What impact did she have on your life?,Introduction > ,Maternal Step Grandmother,no match,Story,2,3
What stories do you remember about her?,Introduction > ,Maternal Step Grandmother,no match,Story,2,3
Childhood,,Preschool,no match,Story,0,1
First Home,Preschool > What do you remember from this period?,Preschool,no match,Story,3,4
Early Daredevil,Preschool > What do you remember from this period?,Preschool,no match,Story,3,4
"Dad's
Garden",Preschool > What do you remember from this period?,Preschool,no match,Story,3,4
Don�t Say Bad Words,Preschool > What do you remember from this period?,Preschool,no match,Story,3,4
Riding Horse,Preschool > What do you remember from this period?,Preschool,no match,Story,3,4
Woodbine Terrace,Preschool > What do you remember from this period?,Preschool,no match,Story,3,4
Good Morning Teacher,Preschool > What do you remember from this period?,Preschool,no match,Story,3,4
Fall From the Car,Preschool > What do you remember from this period?,Preschool,no match,Story,3,4
First Lesson About Fire,Preschool > What do you remember from this period?,Preschool,no match,Story,3,4
The �Bond� Fire,Preschool > What do you remember from this period?,Preschool,no match,Story,3,4
Learned to Ride a Bike,Preschool > What do you remember from this period?,Preschool,no match,Story,3,4
Spitting Black,Preschool > What do you remember from this period?,Preschool,no match,Story,3,4
Blackberry Picking,Preschool > What do you remember from this period?,Preschool,no match,Story,3,4
"What
elementary school did you attend?",Preschool > Elementary School,Elementary,no match,Story,2,3
How did you get to school?,Preschool > Elementary School,Elementary,no match,Story,2,3
First Grade,Preschool > Elementary School > What do you remember from elementary school?,Elementary,no match,Story,3,4
Second Grade,Preschool > Elementary School > What do you remember from elementary school?,Elementary,no match,Story,3,4
Third Grade,Preschool > Elementary School > What do you remember from elementary school?,Elementary,no match,Story,3,4
Fourth Grade,Preschool > Elementary School > What do you remember from elementary school?,Elementary,no match,Story,3,4
Fifth Grade,Preschool > Elementary School > What do you remember from elementary school?,Elementary,no match,Story,3,4
What did you do during recess?,Preschool > Elementary School,Elementary,no match,Story,2,3
Who were your favorite teachers?,Preschool > Elementary School,Elementary,no match,Story,2,3
Times Were Different,"Preschool > Elementary School > Did you ever get in
trouble at school as a child?",Elementary,no match,Story,3,4
The Violin,Preschool > Elementary School > What school activities did you participate in?,Elementary,no match,Story,3,4
What games did you play at school?,Preschool > Elementary School,Elementary,no match,Story,2,3
Creighton Street,Preschool > Elementary School > What do you remember outside of school about this time?,Elementary,no match,Story,3,4
The House,Preschool > Elementary School > What do you remember outside of school about this time?,Elementary,no match,Story,3,4
My Bike,Preschool > Elementary School > What do you remember outside of school about this time?,Elementary,no match,Story,3,4
Cub Scouts,Preschool > Elementary School > What do you remember outside of school about this time?,Elementary,no match,Story,3,4
Pinewood Derby,Preschool > Elementary School > What do you remember outside of school about this time?,Elementary,no match,Story,3,4
Yo-Yos,Preschool > Elementary School > What do you remember outside of school about this time?,Elementary,no match,Story,3,4
"Knocked His
Teeth Out",Preschool > Elementary School > What do you remember outside of school about this time?,Elementary,no match,Story,3,4
The Fire,Preschool > Elementary School > What do you remember outside of school about this time?,Elementary,no match,Story,3,4
Cement Fight,Preschool > Elementary School > What do you remember outside of school about this time?,Elementary,no match,Story,3,4
Award Winning Decorations,Preschool > Elementary School > What do you remember outside of school about this time?,Elementary,no match,Story,3,4
Three Men Died,Preschool > Elementary School > What do you remember outside of school about this time?,Elementary,no match,Story,3,4
Penny Collection,Preschool > Elementary School > What do you remember outside of school about this time?,Elementary,no match,Story,3,4
Yard on Fire,Preschool > Elementary School > What do you remember outside of school about this time?,Elementary,no match,Story,3,4
Mistletoe,Preschool > Elementary School > What do you remember outside of school about this time?,Elementary,no match,Story,3,4
Haircuts,Preschool > Elementary School > What do you remember outside of school about this time?,Elementary,no match,Story,3,4
Umbrella Parachute,Preschool > Elementary School > What do you remember outside of school about this time?,Elementary,no match,Story,3,4
Sheet Parachute,Preschool > Elementary School > What do you remember outside of school about this time?,Elementary,no match,Story,3,4
Burning Leaves,Preschool > Elementary School > What do you remember outside of school about this time?,Elementary,no match,Story,3,4
Brick on a String,Preschool > Elementary School > What do you remember outside of school about this time?,Elementary,no match,Story,3,4
Flying Glass,Preschool > Elementary School > What do you remember outside of school about this time?,Elementary,no match,Story,3,4
The Runaways,Preschool > Elementary School > What do you remember outside of school about this time?,Elementary,no match,Story,3,4
Boy Scout Accident,Preschool > Elementary School > What do you remember outside of school about this time?,Elementary,no match,Story,3,4
Sheltered,Preschool > Elementary School > What do you remember outside of school about this time?,Elementary,no match,Story,3,4
The Tattle Tail,Preschool > Elementary School > What do you remember outside of school about this time?,Elementary,no match,Story,3,4
Bicycles in the Mud,Preschool > Elementary School > What do you remember outside of school about this time?,Elementary,no match,Story,3,4
Christmas Tree,Preschool > Elementary School > What do you remember outside of school about this time?,Elementary,no match,Story,3,4
Ink Blots,Preschool > Elementary School > What do you remember outside of school about this time?,Elementary,no match,Story,3,4
"Manmade
Sledding",Preschool > Elementary School > What do you remember outside of school about this time?,Elementary,no match,Story,3,4
First Pet,Preschool > Elementary School > What do you remember outside of school about this time?,Elementary,no match,Story,3,4
Poor Frog,Preschool > Elementary School > What do you remember outside of school about this time?,Elementary,no match,Story,3,4
Dad�s First and Last Deer,Preschool > Elementary School > What do you remember outside of school about this time?,Elementary,no match,Story,3,4
Burning Leaves,Preschool > Elementary School > What do you remember outside of school about this time?,Elementary,no match,Story,3,4
"Punt, Pass & Kick",Preschool > Elementary School > What do you remember outside of school about this time?,Elementary,no match,Story,3,4
"First
Black Person",Preschool > Elementary School > What do you remember outside of school about this time?,Elementary,no match,Story,3,4
Constant Competition,Preschool > Elementary School > What do you remember outside of school about this time?,Elementary,no match,Story,3,4
"Battle
Scars",Preschool > Elementary School > What do you remember outside of school about this time?,Elementary,no match,Story,3,4
"Creative
Mishaps",Preschool > Elementary School > What do you remember outside of school about this time?,Elementary,no match,Story,3,4
Big Brother Tricks,Preschool > Elementary School > What do you remember outside of school about this time?,Elementary,no match,Story,3,4
Home Life,Preschool > Elementary School > What do you remember outside of school about this time?,Elementary,no match,Story,3,4
YMCA Days,Preschool > Elementary School > What do you remember outside of school about this time?,Elementary,no match,Story,3,4
Bambi,Preschool > Elementary School > What do you remember outside of school about this time?,Elementary,no match,Story,3,4
My Baseball Experience,Preschool > Elementary School > What do you remember outside of school about this time?,Elementary,no match,Story,3,4
Wood�s Lake,Preschool > Elementary School > What do you remember outside of school about this time?,Elementary,no match,Story,3,4
Camp Greenville,Preschool > Elementary School > What do you remember outside of school about this time?,Elementary,no match,Story,3,4
O Wah Tay Goo Si Am,Preschool > Elementary School > What do you remember outside of school about this time?,Elementary,no match,Story,3,4
Summer Movies,Preschool > Elementary School > How did you spend summers?,Elementary,no match,Story,3,4
Lake Hartwell,Preschool > Elementary School > How did you spend summers?,Elementary,no match,Story,3,4
Elementary Reflection,Preschool > Elementary School,Elementary,no match,Story,2,3
Personal,Preschool > Elementary School,Elementary,no match,Story,2,3
What were you like in Elementary School?,Preschool > Elementary School,Elementary,no match,Story,2,3
What achievements were you proud of?,Preschool > Elementary School,Elementary,no match,Story,2,3
Who were your role models?,Preschool > Elementary School,Elementary,no match,Story,2,3
Family,Preschool > Elementary School,Elementary,no match,Story,2,3
What was your daily routine?,Preschool > Elementary School,Elementary,no match,Story,2,3
What chores did you have?,Preschool > Elementary School,Elementary,no match,Story,2,3
What did you do after school?,Preschool > Elementary School,Elementary,no match,Story,2,3
What were family dinners like?,Preschool > Elementary School,Elementary,no match,Story,2,3
Social,Preschool > Elementary School,Elementary,no match,Story,2,3
Were you shy or outgoing?,Preschool > Elementary School,Elementary,no match,Story,2,3
Who were your friends?,Preschool > Elementary School,Elementary,no match,Story,2,3
What memorable social experiences?,Preschool > Elementary School,Elementary,no match,Story,2,3
What was the name of your middle school?,Preschool > Middle School,Middle,no match,Story,2,3
How did you get to middle school?,Preschool > Middle School,Middle,no match,Story,2,3
Which teachers influenced you most?,Preschool > Middle School,Middle,no match,Story,2,3
What subjects interested you?,Preschool > Middle School,Middle,no match,Story,2,3
How were your grades?,Preschool > Middle School,Middle,no match,Story,2,3
What was your favorite class?,Preschool > Middle School,Middle,no match,Story,2,3
What did you find challenging?,Preschool > Middle School,Middle,no match,Story,2,3
New Musical Direction,Preschool > Middle School > What extracurricular activities did you join?,Middle,no match,Story,3,4
Educational Guinea Pig,Preschool > Middle School > What extracurricular activities did you join?,Middle,no match,Story,3,4
Pretend Girlfriends,Preschool > Middle School > What extracurricular activities did you join?,Middle,no match,Story,3,4
Lab Partner Crush,Preschool > Middle School > What extracurricular activities did you join?,Middle,no match,Story,3,4
Off Campus Lunch,Preschool > Middle School > What extracurricular activities did you join?,Middle,no match,Story,3,4
Moving to Cleveland Street,Preschool > Middle School > What extracurricular activities did you join?,Middle,no match,Story,3,4
�How did you personally change during these years?,Preschool > Middle School,Middle,no match,Story,2,3
What social changes occurred?,Preschool > Middle School,Middle,no match,Story,2,3
Casualty Reports,Preschool > Middle School > What world events do you remember?,Middle,no match,Story,3,4
What cultural events influenced you?,Preschool > Middle School,Middle,no match,Story,2,3
"What
was the name of your high school?",Preschool > High School,High School,no match,Story,2,3
What was the mascot?,Preschool > High School,High School,no match,Story,2,3
Was there anything unique about it?,Preschool > High School,High School,no match,Story,2,3
New Friends,Preschool > High School > What was high school like?,High School,no match,Story,3,4
What courses did you take?,Preschool > High School,High School,no match,Story,2,3
Who were memorable teachers?,Preschool > High School,High School,no match,Story,2,3
What were your academic strengths?,Preschool > High School,High School,no match,Story,2,3
What achievements are you proud of?,Preschool > High School,High School,no match,Story,2,3
How did you prepare for college/future?,Preschool > High School,High School,no match,Story,2,3
Golf Team Failure,"Preschool > High School > Did
you participate in high school sports?",High School,no match,Story,3,4
Sophomore Year,"Preschool > High School > Did
you participate in high school sports?",High School,no match,Story,3,4
Golf Team Success,"Preschool > High School > Did
you participate in high school sports?",High School,no match,Story,3,4
Golf Team Disappointment,"Preschool > High School > Did
you participate in high school sports?",High School,no match,Story,3,4
Errant Shot,"Preschool > High School > Did
you participate in high school sports?",High School,no match,Story,3,4
Summer Golf,"Preschool > High School > Did
you participate in high school sports?",High School,no match,Story,3,4
College Golf,"Preschool > High School > Did
you participate in high school sports?",High School,no match,Story,3,4
The Golf Dream Expired,"Preschool > High School > Did
you participate in high school sports?",High School,no match,Story,3,4
The Haunted House,"Preschool > High School > Did
you participate in high school sports?",High School,no match,Story,3,4
Friday Night Lights,"Preschool > High School > Did
you participate in high school sports?",High School,no match,Story,3,4
Senior Honor,"Preschool > High School > Did
you participate in high school sports?",High School,no match,Story,3,4
Pete�s Drive-In,"Preschool > High School > Did
you participate in high school sports?",High School,no match,Story,3,4
Nicknames,"Preschool > High School > Did
you participate in high school sports?",High School,no match,Story,3,4
�Who was your favorite teacher in high school?,Preschool > High School,High School,no match,Story,2,3
What was your favorite class?,Preschool > High School,High School,no match,Story,2,3
The Bicentennial,Preschool > High School > What was your least favorite class?,High School,no match,Story,3,4
Parkins Mill Road,Preschool > High School > What was your least favorite class?,High School,no match,Story,3,4
Personal,Preschool > High School,High School,no match,Story,2,3
Freshman Ignorance,Preschool > High School > How did you change during high school?,High School,no match,Story,3,4
How did your interests evolve?,Preschool > High School,High School,no match,Story,2,3
What challenged you most?,Preschool > High School,High School,no match,Story,2,3
What achievements meant most?,Preschool > High School,High School,no match,Story,2,3
What learning experiences did you have?,Preschool > High School,High School,no match,Story,2,3
What were your plans for the future?,Preschool > High School,High School,no match,Story,2,3
Social,Preschool > High School,High School,no match,Story,2,3
Who were your friends?,Preschool > High School,High School,no match,Story,2,3
What did you do for fun?,Preschool > High School,High School,no match,Story,2,3
Did you date?,Preschool > High School,High School,no match,Story,2,3
What adventures did you have?,Preschool > High School,High School,no match,Story,2,3
Family,Preschool > High School,High School,no match,Story,2,3
How did your relationship with parents/siblings change?,Preschool > High School,High School,no match,Story,2,3
What role did you play in the family?,Preschool > High School,High School,no match,Story,2,3
What family conflicts occurred?,Preschool > High School,High School,no match,Story,2,3
How did discipline change?,Preschool > High School,High School,no match,Story,2,3
How did your family support you?,Preschool > High School,High School,no match,Story,2,3
What family gatherings occurred?,Preschool > High School,High School,no match,Story,2,3
What freedoms did you gain?,Preschool > High School,High School,no match,Story,2,3
What rules did you have?,Preschool > High School,High School,no match,Story,2,3
How did family meals change?,Preschool > High School,High School,no match,Story,2,3
Cultural,Preschool > High School,High School,no match,Story,2,3
What cultural events impacted you?,Preschool > High School,High School,no match,Story,2,3
What music was important to you?,Preschool > High School,High School,no match,Story,2,3
What TV shows did you watch?,Preschool > High School,High School,no match,Story,2,3
What movies influenced you?,Preschool > High School,High School,no match,Story,2,3
What fashion trends came about,Preschool > High School,High School,no match,Story,2,3
What world/political events do you remember?,Preschool > High School,High School,no match,Story,2,3
What business/economic conditions affected you?,Preschool > High School,High School,no match,Story,2,3
Personal,Preschool > Childhood Reflection,Childhood Reflection,no match,Reflection,2,3
"Do you consider your
childhood to have been a happy one?",Preschool > Childhood Reflection,Childhood Reflection,no match,Reflection,2,3
"Were you well-behaved
or a rebel?",Preschool > Childhood Reflection,Childhood Reflection,no match,Reflection,2,3
What shaped your identity?,Preschool > Childhood Reflection,Childhood Reflection,no match,Reflection,2,3
What roles did you take on?,Preschool > Childhood Reflection,Childhood Reflection,no match,Reflection,2,3
How did your values evolve?,Preschool > Childhood Reflection,Childhood Reflection,no match,Reflection,2,3
What beliefs changed?,Preschool > Childhood Reflection,Childhood Reflection,no match,Reflection,2,3
What principles guided you?,Preschool > Childhood Reflection,Childhood Reflection,no match,Reflection,2,3
How did your faith/spirituality develop?,Preschool > Childhood Reflection,Childhood Reflection,no match,Reflection,2,3
What ethical challenges arose?,Preschool > Childhood Reflection,Childhood Reflection,no match,Reflection,2,3
What caused you to question beliefs?,Preschool > Childhood Reflection,Childhood Reflection,no match,Reflection,2,3
What convictions strengthened?,Preschool > Childhood Reflection,Childhood Reflection,no match,Reflection,2,3
What changes surprised you?,Preschool > Childhood Reflection,Childhood Reflection,no match,Reflection,2,3
Who did you want to become?,Preschool > Childhood Reflection,Childhood Reflection,no match,Reflection,2,3
What were your aspirations?,Preschool > Childhood Reflection,Childhood Reflection,no match,Reflection,2,3
How did plans change?,Preschool > Childhood Reflection,Childhood Reflection,no match,Reflection,2,3
What inspired you?,Preschool > Childhood Reflection,Childhood Reflection,no match,Reflection,2,3
What successes encouraged you?,Preschool > Childhood Reflection,Childhood Reflection,no match,Reflection,2,3
What fears did you face?,Preschool > Childhood Reflection,Childhood Reflection,no match,Reflection,2,3
What disappoints did you experience?,Preschool > Childhood Reflection,Childhood Reflection,no match,Reflection,2,3
How did you spend free time?,Preschool > Childhood Reflection,Childhood Reflection,no match,Reflection,2,3
What hobbies did you develop?,Preschool > Childhood Reflection,Childhood Reflection,no match,Reflection,2,3
What adventures did you have?,Preschool > Childhood Reflection,Childhood Reflection,no match,Reflection,2,3
What travel experiences occurred?,Preschool > Childhood Reflection,Childhood Reflection,no match,Reflection,2,3
What lifestyle choices did you make?,Preschool > Childhood Reflection,Childhood Reflection,no match,Reflection,2,3
What new skills did you learn?,Preschool > Childhood Reflection,Childhood Reflection,no match,Reflection,2,3
How did you handle money?,Preschool > Childhood Reflection,Childhood Reflection,no match,Reflection,2,3
What situations challenged you?,Preschool > Childhood Reflection,Childhood Reflection,no match,Reflection,2,3
How did you make decisions?,Preschool > Childhood Reflection,Childhood Reflection,no match,Reflection,2,3
What mistakes taught you most?,Preschool > Childhood Reflection,Childhood Reflection,no match,Reflection,2,3
How did you solve problems?,Preschool > Childhood Reflection,Childhood Reflection,no match,Reflection,2,3
What cultural trends affected you?,Preschool > Childhood Reflection,Childhood Reflection,no match,Reflection,2,3
What social issues concerned you?,Preschool > Childhood Reflection,Childhood Reflection,no match,Reflection,2,3
What lifestyle choices were common?,Preschool > Childhood Reflection,Childhood Reflection,no match,Reflection,2,3
How did your generation differ?,Preschool > Childhood Reflection,Childhood Reflection,no match,Reflection,2,3
Social,Preschool > Childhood Reflection,Social,no match,Story,2,3
Companionship,Preschool > Childhood Reflection,Boy/Girlfriend,no match,Story,2,3
What dating or relationship experiences shaped you?,Preschool > Childhood Reflection,Boy/Girlfriend,no match,Story,2,3
What did you learn about relationships?,Preschool > Childhood Reflection,Boy/Girlfriend,no match,Story,2,3
How did your views on love change?,Preschool > Childhood Reflection,Boy/Girlfriend,no match,Story,2,3
What did you want in a partner?,Preschool > Childhood Reflection,Boy/Girlfriend,no match,Story,2,3
Friendship,Preschool > Childhood Reflection,Friendship,no match,Story,2,3
What friendships influenced you most?,Preschool > Childhood Reflection,Friendship,no match,Story,2,3
How did friendships change?,Preschool > Childhood Reflection,Friendship,no match,Story,2,3
Who remained close?,Preschool > Childhood Reflection,Friendship,no match,Story,2,3
What new friendships formed?,Preschool > Childhood Reflection,Friendship,no match,Story,2,3
How did you maintain connections?,Preschool > Childhood Reflection,Friendship,no match,Story,2,3
What activities did you share?,Preschool > Childhood Reflection,Friendship,no match,Story,2,3
Familyship,Preschool > Childhood Reflection,Familyship,no match,Story,2,3
"How did relationships change with mother, father, siblings?",Preschool > Childhood Reflection,Familyship,no match,Story,2,3
What role did you play in family?,Preschool > Childhood Reflection,Familyship,no match,Story,2,3
World & Politics,Preschool > Childhood Reflection,World & Politics,no match,Story,2,3
What world or political events influenced you?,Preschool > Childhood Reflection,World & Politics,no match,Story,2,3
Science & Technology,Preschool > Childhood Reflection,Science & Tenchology,no match,Story,2,3
What scientific or technological events influenced you?,Preschool > Childhood Reflection,Science & Tenchology,no match,Story,2,3
Economy & Business,Preschool > Childhood Reflection,Economy & Business,no match,Story,2,3
What economic or business events influenced you?,Preschool > Childhood Reflection,Economy & Business,no match,Story,2,3
Society & Culture,Preschool > Childhood Reflection,Society & Culture,no match,Story,2,3
"What societal or cultural events of elements of music, television, movies,
books, fashion influenced you?",Preschool > Childhood Reflection,Society & Culture,no match,Story,2,3
Did you go to college?,Adulthood > College,College,no match,Story,2,3
How did you decide to go to college?,Adulthood > College,College,no match,Story,2,3
How did you decide where to go to college?,Adulthood > College,College,no match,Story,2,3
What was your major and why?,Adulthood > College,College,no match,Story,2,3
What were your most/least favorite college courses?,Adulthood > College,College,no match,Story,2,3
What college achievements are you proud of?,Adulthood > College,College,no match,Story,2,3
How did your academic interests evolve?,Adulthood > College,College,no match,Story,2,3
What activities did you participate in outside of college?,Adulthood > College,College,no match,Story,2,3
Who were your influential professors?,Adulthood > College,College,no match,Story,2,3
Did you work in college?,Adulthood > College,College,no match,Story,2,3
Did you join a fraternity in college?,Adulthood > College,College,no match,Story,2,3
Move-In,Adulthood > College > What memories do you have of college?,College,no match,Story,3,4
First Night,Adulthood > College > What memories do you have of college?,College,no match,Story,3,4
First Dorm,Adulthood > College > What memories do you have of college?,College,no match,Story,3,4
Scheduling,Adulthood > College > What memories do you have of college?,College,no match,Story,3,4
The Bookstore,Adulthood > College > What memories do you have of college?,College,no match,Story,3,4
Kappa Sigma,Adulthood > College > What memories do you have of college?,College,no match,Story,3,4
Panty Raids,Adulthood > College > What memories do you have of college?,College,no match,Story,3,4
Muhammad Ali Fight,Adulthood > College > What memories do you have of college?,College,no match,Story,3,4
Poor Study Skills,Adulthood > College > What memories do you have of college?,College,no match,Story,3,4
First Heartbreak,Adulthood > College > What memories do you have of college?,College,no match,Story,3,4
Academic Turnaround,Adulthood > College > What memories do you have of college?,College,no match,Story,3,4
Best Shape of My Life,Adulthood > College > What memories do you have of college?,College,no match,Story,3,4
Green Hole,Adulthood > College > What memories do you have of college?,College,no match,Story,3,4
Late Night Exploring,Adulthood > College > What memories do you have of college?,College,no match,Story,3,4
Transfer to Clemson,Adulthood > College > What memories do you have of college?,College,no match,Story,3,4
"The
1970�s",Adulthood > College > What memories do you have of college?,College,no match,Story,3,4
Lost Credits,"Adulthood > College > Why
did you transfer to Clemson?",College,no match,Story,3,4
Kappa Sigma � Round 2,"Adulthood > College > Why
did you transfer to Clemson?",College,no match,Story,3,4
Pledging,"Adulthood > College > Why
did you transfer to Clemson?",College,no match,Story,3,4
Arrogance Cost Me,"Adulthood > College > Why
did you transfer to Clemson?",College,no match,Story,3,4
Missed Being Grand Master,"Adulthood > College > Why
did you transfer to Clemson?",College,no match,Story,3,4
The Phone Recovery,"Adulthood > College > Why
did you transfer to Clemson?",College,no match,Story,3,4
Nicknames,Adulthood > College > Where did you live during college?,College,no match,Story,3,4
Keg Toss Champion,Adulthood > College > Where did you live during college?,College,no match,Story,3,4
Mistaken Bravado,Adulthood > College > Where did you live during college?,College,no match,Story,3,4
Orange Bowl,Adulthood > College > Where did you live during college?,College,no match,Story,3,4
What were your friends like in college?,Adulthood > College,College,no match,Story,2,3
Were the classes hard?,Adulthood > College,College,no match,Story,2,3
Who were your roommates?,Adulthood > College,College,no match,Story,2,3
1982 was a very good year!,Adulthood > College > What traditions did you participate in?,College,no match,Story,3,4
What was your schedule like?,Adulthood > College,College,no match,Story,2,3
College Reflection,Adulthood > College,College,no match,Story,2,3
How did college shape you?,Adulthood > College,College,no match,Story,2,3
"What's one thing you wish you'd known
before going to college?",Adulthood > College,College,no match,Story,2,3
"What advice would you give to a family
member about college?",Adulthood > College,College,no match,Story,2,3
What challenges did you overcome?,Adulthood > College,College,no match,Story,2,3
What life lessons did you learn?,Adulthood > College,College,no match,Story,2,3
What mistakes taught you most?,Adulthood > College,College,no match,Story,2,3
What successes encouraged you?,Adulthood > College,College,no match,Story,2,3
How did your goals evolve?,Adulthood > College,College,no match,Story,2,3
"What
social experiences shaped you?",Adulthood > College,College,no match,Story,2,3
"Did you go to graduate
school?",Adulthood > Graduate School,Graduate School,no match,Story,2,3
"How did you pick a major in graduate
school?",Adulthood > Graduate School,Graduate School,no match,Story,2,3
Intensive Spanish,Adulthood > Graduate School > How did you choose a major?,Graduate School,no match,Story,3,4
"Started Strong, Finished
Middle",Adulthood > Graduate School > How did you choose a major?,Graduate School,no match,Story,3,4
Internship,Adulthood > Graduate School > How did you choose a major?,Graduate School,no match,Story,3,4
The Arrival,Adulthood > Graduate School > How did you choose a major?,Graduate School,no match,Story,3,4
Medellin,Adulthood > Graduate School > How did you choose a major?,Graduate School,no match,Story,3,4
The Flight is Sickening,Adulthood > Graduate School > How did you choose a major?,Graduate School,no match,Story,3,4
Security,Adulthood > Graduate School > How did you choose a major?,Graduate School,no match,Story,3,4
Mountains on Bad Tires,Adulthood > Graduate School > How did you choose a major?,Graduate School,no match,Story,3,4
The House,Adulthood > Graduate School > How did you choose a major?,Graduate School,no match,Story,3,4
I�m Not Eating That,Adulthood > Graduate School > How did you choose a major?,Graduate School,no match,Story,3,4
Caf� con Leche,Adulthood > Graduate School > How did you choose a major?,Graduate School,no match,Story,3,4
So Many Foreigners Here,Adulthood > Graduate School > How did you choose a major?,Graduate School,no match,Story,3,4
"Flight from
Medellin to Cali",Adulthood > Graduate School > How did you choose a major?,Graduate School,no match,Story,3,4
Hotel Dann Phone Call,Adulthood > Graduate School > How did you choose a major?,Graduate School,no match,Story,3,4
Apartment Roommate,Adulthood > Graduate School > How did you choose a major?,Graduate School,no match,Story,3,4
Late Nights,Adulthood > Graduate School > How did you choose a major?,Graduate School,no match,Story,3,4
Earthquake,Adulthood > Graduate School > How did you choose a major?,Graduate School,no match,Story,3,4
"Popayan
Earthquake",Adulthood > Graduate School > How did you choose a major?,Graduate School,no match,Story,3,4
Bullfights,Adulthood > Graduate School > How did you choose a major?,Graduate School,no match,Story,3,4
"Flower
Festival",Adulthood > Graduate School > How did you choose a major?,Graduate School,no match,Story,3,4
Pulmon,Adulthood > Graduate School > How did you choose a major?,Graduate School,no match,Story,3,4
Silvia,Adulthood > Graduate School > How did you choose a major?,Graduate School,no match,Story,3,4
"It�s Very
Down",Adulthood > Graduate School > How did you choose a major?,Graduate School,no match,Story,3,4
Aguardiente,Adulthood > Graduate School > How did you choose a major?,Graduate School,no match,Story,3,4
Pepper Steak,Adulthood > Graduate School > How did you choose a major?,Graduate School,no match,Story,3,4
Waiter Cried,Adulthood > Graduate School > How did you choose a major?,Graduate School,no match,Story,3,4
Basketball,Adulthood > Graduate School > How did you choose a major?,Graduate School,no match,Story,3,4
Money Exchange Fiasco,Adulthood > Graduate School > How did you choose a major?,Graduate School,no match,Story,3,4
Bottle Collecting,Adulthood > Career > What were your first odd jobs?,Career,no match,Story,3,4
Lawn Service,Adulthood > Career > What were your first odd jobs?,Career,no match,Story,3,4
Cutting Grass,Adulthood > Career > What were your first odd jobs?,Career,no match,Story,3,4
Greeting Cards,Adulthood > Career > What were your first odd jobs?,Career,no match,Story,3,4
First Real Firing,Adulthood > Career > What was your first real job?,Career,no match,Story,3,4
Screen Printing,Adulthood > Career > What was your first real job?,Career,no match,Story,3,4
Pool Cleaning,Adulthood > Career > What was your first real job?,Career,no match,Story,3,4
Associate Director of Corporate Relations,Adulthood > Career > University of South Carolina,USC,no match,Story,3,4
Speaker Program,Adulthood > Career > University of South Carolina,USC,no match,Story,3,4
Alumni Relations,Adulthood > Career > University of South Carolina,USC,no match,Story,3,4
Ancient Communication Method,Adulthood > Career > University of South Carolina,USC,no match,Story,3,4
Really?,Adulthood > Career > University of South Carolina,USC,no match,Story,3,4
Director of Latin American Operations,Adulthood > Career > University of South Carolina,USC,no match,Story,3,4
Dale Carnegie,Adulthood > Career > University of South Carolina,USC,no match,Story,3,4
Government Waste,Adulthood > Career > University of South Carolina,USC,no match,Story,3,4
Financial Analyst,Adulthood > Career > NCR,NCR,no match,Story,3,4
International Financial Analyst,Adulthood > Career > Harris/3M,Harris/3M,no match,Story,3,4
Run In,Adulthood > Career > Harris/3M,Harris/3M,no match,Story,3,4
"Finance Manager, ROW",Adulthood > Career > Harris/3M,Harris/3M,no match,Story,3,4
European Controller,Adulthood > Career > Harris/3M,Harris/3M,no match,Story,3,4
Move to Europe,Adulthood > Career > Harris/3M,Harris/3M,no match,Story,3,4
The Gulf War,Adulthood > Career > Harris/3M,Harris/3M,no match,Story,3,4
Ask For What You�re Worth,Adulthood > Career > Harris/3M,Harris/3M,no match,Story,3,4
"Finance Director, International",Adulthood > Career > Harris/3M,Harris/3M,no match,Story,3,4
Not Ready for CFO,Adulthood > Career > Harris/3M,Harris/3M,no match,Story,3,4
"Vice President, Business Development & Strategic Planning",Adulthood > Career > Harris/3M,Harris/3M,no match,Story,3,4
"Vice
President, Finance & Administration, CFO",Adulthood > Career > SQL Financials,SQL Financials,no match,Story,3,4
"Vice President, Finance, CFO",Adulthood > Career > Caribiner,Caribiner,no match,Story,3,4
Ill-Advised Acquisition,Adulthood > Career > Caribiner,Caribiner,no match,Story,3,4
"Vice President, Finance",Adulthood > Career > McKesson,McKesson,no match,Story,3,4
Chief Financial Officer,Adulthood > Career > McKesson,McKesson,no match,Story,3,4
"Chief Financial Officer, Americas",Adulthood > Career > Given Imaging,Given,no match,Story,3,4
Chief Financial Officer,Adulthood > Career > Dune Medical,Dune,no match,Story,3,4
What ifs,Adulthood > Career Reflection > How did you prepare for change?,Career Refectiion,no match,Story,3,4
How did priorities shift?,Adulthood > Career Reflection,Career Refectiion,no match,Story,2,3
What was your most significant challenge?,Adulthood > Career Reflection,Career Refectiion,no match,Story,2,3
How did you adapt?,Adulthood > Career Reflection,Career Refectiion,no match,Story,2,3
What satisfaction did you find?,Adulthood > Career Reflection,Career Refectiion,no match,Story,2,3
How did you plan career transitions?,Adulthood > Career Reflection,Career Refectiion,no match,Story,2,3
How did you mentor others?,Adulthood > Career Reflection,Career Refectiion,no match,Story,2,3
What wisdom did you share?,Adulthood > Career Reflection,Career Refectiion,no match,Story,2,3
What achievements are you most proud of?,Adulthood > Career Reflection,Career Refectiion,no match,Story,2,3
What would you do differently?,Adulthood > Career Reflection,Career Refectiion,no match,Story,2,3
What advice would you give others?,Adulthood > Career Reflection,Career Refectiion,no match,Story,2,3
What principles guided your leadership?,Adulthood > Career Reflection,Career Refectiion,no match,Story,2,3
How did your leadership evolve?,Adulthood > Career Reflection,Career Refectiion,no match,Story,2,3
Workplace Reality,Adulthood > Career Reflection > What career regrets do you have?,Career Refectiion,no match,Story,3,4
Who was your best boss,Adulthood > Career Reflection,Career Refectiion,no match,Story,2,3
Tom Campbell,Adulthood > Career Reflection > Who was your worst boss?,Career Refectiion,no match,Story,3,4
Craig Niemiec,Adulthood > Career Reflection > Who was your worst boss?,Career Refectiion,no match,Story,3,4
Jerry Pierson,Adulthood > Career Reflection > Who was your worst boss?,Career Refectiion,no match,Story,3,4
Which was your best job,Adulthood > Career Reflection,Career Refectiion,no match,Story,2,3
Which was your worst job?,Adulthood > Career Reflection,Career Refectiion,no match,Story,2,3
Were you ever fired,Adulthood > Career Reflection,Career Refectiion,no match,Story,2,3
What is your best advice for ones career?,Adulthood > Career Reflection,Career Refectiion,no match,Story,2,3
What were your most important learnings?,Adulthood > Career Reflection,Career Refectiion,no match,Story,2,3
Did you ever have trouble at work?,Adulthood > Career Reflection,Career Refectiion,no match,Story,2,3
The Never-Ending Lawn,Adulthood > Career Reflection > Did you ever quit a job?,Career Refectiion,no match,Story,3,4
What are your career regrets?,Adulthood > Career Reflection,Career Refectiion,no match,Story,2,3
What leadership roles did you take on?,Adulthood > Career Reflection,Career Refectiion,no match,Story,2,3
Who were influential mentors?,Adulthood > Career Reflection,Career Refectiion,no match,Story,2,3
What professional challenges did you face?,Adulthood > Career Reflection,Career Refectiion,no match,Story,2,3
What achievements are you most proud of?,Adulthood > Career Reflection,Career Refectiion,no match,Story,2,3
What was your work culture like?,Adulthood > Career Reflection,Career Refectiion,no match,Story,2,3
What was your management style?,Adulthood > Career Reflection,Career Refectiion,no match,Story,2,3
How did industry changes affect you?,Adulthood > Career Reflection,Career Refectiion,no match,Story,2,3
What business travel occurred?,Adulthood > Career Reflection,Career Refectiion,no match,Story,2,3
What international experience did you gain?,Adulthood > Career Reflection,Career Refectiion,no match,Story,2,3
How did technology change your work?,Adulthood > Career Reflection,Career Refectiion,no match,Story,2,3
What major career decisions did you face?,Adulthood > Career Reflection,Career Refectiion,no match,Story,2,3
How did you make career choices?,Adulthood > Career Reflection,Career Refectiion,no match,Story,2,3
What opportunities did you pursue/decline?,Adulthood > Career Reflection,Career Refectiion,no match,Story,2,3
How did you balance career and family?,Adulthood > Career Reflection,Career Refectiion,no match,Story,2,3
What sacrifices did you make?,Adulthood > Career Reflection,Career Refectiion,no match,Story,2,3
What risks did you take?,Adulthood > Career Reflection,Career Refectiion,no match,Story,2,3
What career goals evolved?,Adulthood > Career Reflection,Career Refectiion,no match,Story,2,3
How did success affect you?,Adulthood > Career Reflection,Career Refectiion,no match,Story,2,3
What opportunities arose?,Adulthood > Career Reflection,Career Refectiion,no match,Story,2,3
What choices did you face?,Adulthood > Career Reflection,Career Refectiion,no match,Story,2,3
How did you make decisions?,Adulthood > Career Reflection,Career Refectiion,no match,Story,2,3
What skills did you develop?,Adulthood > Career Reflection,Career Refectiion,no match,Story,2,3
What roles did you take on?,Adulthood > Career Reflection,Career Refectiion,no match,Story,2,3
What challenges did you overcome?,Adulthood > Career Reflection,Career Refectiion,no match,Story,2,3
What achievements meant most?,Adulthood > Career Reflection,Career Refectiion,no match,Story,2,3
What surprised you most?,Adulthood > Career Reflection,Career Refectiion,no match,Story,2,3
Who mentored you?,Adulthood > Career Reflection,Career Refectiion,no match,Story,2,3
What mistakes did you make?,Adulthood > Career Reflection,Career Refectiion,no match,Story,2,3
What successes did you have?,Adulthood > Career Reflection,Career Refectiion,no match,Story,2,3
What disappointments did you have?,Adulthood > Career Reflection,Career Refectiion,no match,Story,2,3
Why did you change jobs?,Adulthood > Career Reflection,Career Refectiion,no match,Story,2,3
What major decisions did you face?,Adulthood > Career Reflection,Career Refectiion,no match,Story,2,3
How did your industry change?,Adulthood > Career Reflection,Career Refectiion,no match,Story,2,3
What innovations did you drive?,Adulthood > Career Reflection,Career Refectiion,no match,Story,2,3
What relationships proved most valuable?,Adulthood > Career Reflection,Career Refectiion,no match,Story,2,3
What challenges did you overcome?,Adulthood > Career Reflection,Career Refectiion,no match,Story,2,3
How did you measure success?,Adulthood > Career Reflection,Career Refectiion,no match,Story,2,3
Springbrook,Adulthood > Family > Marriage,Marriage,no match,Story,3,4
Brady,Adulthood > Family > Marriage,Marriage,no match,Story,3,4
"Linbrook Drive, Columbia, South Carolina",Adulthood > Family > Marriage,Marriage,no match,Story,3,4
What is it like being a father?,Adulthood > Parenthood,Children,no match,Story,2,3
How did you figure out how to be a parent?,Adulthood > Parenthood,Children,no match,Story,2,3
Being a Father,Adulthood > Parenthood,Children,no match,Story,2,3
"Teaching
William to drive",Adulthood > Parenthood > William,William,no match,Story,3,4
"Teaching
Elizabeth to Drive",Adulthood > Parenthood > Elizabeth,Elizabeth,no match,Story,3,4
Caroline,Adulthood > Parenthood,Children,no match,Story,2,3
"What was one of the toughest, easiest,
best, worst parts about raising first, second, third",Adulthood > Parenthood,Children,no match,Story,2,3
"What was something that was particularly
surprising to you when you had your first, second, third child?",Adulthood > Parenthood,Children,no match,Story,2,3
"How did you feel when your first, second,
third child was born?",Adulthood > Parenthood,Children,no match,Story,2,3
How did parenting influence you?,Adulthood > Parenthood,Children,no match,Story,2,3
What was it like becoming a parent?,Adulthood > Parenthood,Children,no match,Story,2,3
How did you prepare for parenthood?,Adulthood > Parenthood,Children,no match,Story,2,3
What surprised you about being a parent?,Adulthood > Parenthood,Children,no match,Story,2,3
What challenges did you face?,Adulthood > Parenthood,Children,no match,Story,2,3
What joys did you experience?,Adulthood > Parenthood,Children,no match,Story,2,3
How did your priorities change?,Adulthood > Parenthood,Children,no match,Story,2,3
What parenting style did you develop?,Adulthood > Parenthood,Children,no match,Story,2,3
What activities did you do together?,Adulthood > Parenthood,Children,no match,Story,2,3
What values did you try to instill?,Adulthood > Parenthood,Children,no match,Story,2,3
What discipline approaches did you use?,Adulthood > Parenthood,Children,no match,Story,2,3
How did you handle education decisions?,Adulthood > Parenthood,Children,no match,Story,2,3
What family challenges arose?,Adulthood > Parenthood,Children,no match,Story,2,3
What family memories stand out?,Adulthood > Parenthood,Children,no match,Story,2,3
What was daily family life like?,Adulthood > Parenthood,Children,no match,Story,2,3
How did you balance work and family?,Adulthood > Parenthood,Children,no match,Story,2,3
How did family relationships evolve?,Adulthood > Parenthood,Children,no match,Story,2,3
What roles did extended family play?,Adulthood > Parenthood,Children,no match,Story,2,3
How did sibling relationships develop?,Adulthood > Parenthood,Children,no match,Story,2,3
What family conflicts occurred?,Adulthood > Parenthood,Children,no match,Story,2,3
How did you resolve differences?,Adulthood > Parenthood,Children,no match,Story,2,3
What strengthened family bonds?,Adulthood > Parenthood,Children,no match,Story,2,3
What traditions became important?,Adulthood > Parenthood,Children,no match,Story,2,3
How did you maintain connections?,Adulthood > Parenthood,Children,no match,Story,2,3
Homes & Moves,Adulthood > Parenthood,Children,no match,Story,2,3
How did you choose locations?,Adulthood > Parenthood,Children,no match,Story,2,3
What neighborhoods shaped family life?,Adulthood > Parenthood,Children,no match,Story,2,3
What home improvements did you make?,Adulthood > Parenthood,Children,no match,Story,2,3
What moves were significant?,Adulthood > Parenthood,Children,no match,Story,2,3
How did locations affect lifestyle?,Adulthood > Parenthood,Children,no match,Story,2,3
What made each place special?,Adulthood > Parenthood,Children,no match,Story,2,3
How did you contribute?,Adulthood > Parenthood,Children,no match,Story,2,3
How did location affect family?,Adulthood > Parenthood,Children,no match,Story,2,3
What lifestyle priorities emerged?,Adulthood > Parenthood,Children,no match,Story,2,3
How did you spend free time?,Adulthood > Parenthood,Children,no match,Story,2,3
What hobbies did you pursue?,Adulthood > Parenthood,Children,no match,Story,2,3
What entertainment did you enjoy?,Adulthood > Parenthood,Children,no match,Story,2,3
What social activities mattered?,Adulthood > Parenthood,Children,no match,Story,2,3
How did you relax/recharge?,Adulthood > Parenthood,Children,no match,Story,2,3
What life balance did you seek?,Adulthood > Parenthood,Children,no match,Story,2,3
How did your worldview evolve?,Adulthood > Parenthood,Children,no match,Story,2,3
What values became important?,Adulthood > Parenthood,Children,no match,Story,2,3
What beliefs changed?,Adulthood > Parenthood,Children,no match,Story,2,3
What life lessons emerged?,Adulthood > Parenthood,Children,no match,Story,2,3
What wisdom did you gain?,Adulthood > Parenthood,Children,no match,Story,2,3
What principles guided you?,Adulthood > Parenthood,Children,no match,Story,2,3
How did your outlook mature?,Adulthood > Parenthood,Children,no match,Story,2,3
Personal,Adulthood > Parenthood,Children,no match,Story,2,3
How did you grow during these years?,Adulthood > Parenthood,Children,no match,Story,2,3
What skills did you develop?,Adulthood > Parenthood,Children,no match,Story,2,3
What challenges changed you?,Adulthood > Parenthood,Children,no match,Story,2,3
What accomplishments meant most?,Adulthood > Parenthood,Children,no match,Story,2,3
How did you handle stress?,Adulthood > Parenthood,Children,no match,Story,2,3
What personal goals evolved?,Adulthood > Parenthood,Children,no match,Story,2,3
What lifestyle changes occurred?,Adulthood > Parenthood,Children,no match,Story,2,3
Relationships,Adulthood > Parenthood,Children,no match,Story,2,3
How did friendships change?,Adulthood > Parenthood,Children,no match,Story,2,3
What relationships deepened?,Adulthood > Parenthood,Children,no match,Story,2,3
What new connections formed?,Adulthood > Parenthood,Children,no match,Story,2,3
How did you maintain relationships?,Adulthood > Parenthood,Children,no match,Story,2,3
What relationship challenges arose?,Adulthood > Parenthood,Children,no match,Story,2,3
Who influenced you most?,Adulthood > Parenthood,Children,no match,Story,2,3
What relationship lessons emerged?,Adulthood > Parenthood,Children,no match,Story,2,3
"What was one of the hardest things about growing up? How did you get
through it?",Adulthood > Parenthood,Children,no match,Story,2,3
Historical,Adulthood > Parenthood,Children,no match,Story,2,3
What historical events impacted you?,Adulthood > Parenthood,Children,no match,Story,2,3
How did society change?,Adulthood > Parenthood,Children,no match,Story,2,3
What technological advances occurred?,Adulthood > Parenthood,Children,no match,Story,2,3
What economic conditions affected you?,Adulthood > Parenthood,Children,no match,Story,2,3
What political changes mattered?,Adulthood > Parenthood,Children,no match,Story,2,3
What local changes occurred?,Adulthood > Parenthood,Children,no match,Story,2,3
Cultural,Adulthood > Parenthood,Children,no match,Story,2,3
What cultural shifts occurred?,Adulthood > Parenthood,Children,no match,Story,2,3
How did society evolve?,Adulthood > Parenthood,Children,no match,Story,2,3
What social issues mattered?,Adulthood > Parenthood,Children,no match,Story,2,3
How did entertainment change?,Adulthood > Parenthood,Children,no match,Story,2,3
What technology transformed life?,Adulthood > Parenthood,Children,no match,Story,2,3
What generational differences emerged?,Adulthood > Parenthood,Children,no match,Story,2,3
Personal,Adulthood > Parenthood,Children,no match,Story,2,3
What key moments shaped these years?,Adulthood > Parenthood,Children,no match,Story,2,3
What decisions had lasting impact?,Adulthood > Parenthood,Children,no match,Story,2,3
What changes surprised you?,Adulthood > Parenthood,Children,no match,Story,2,3
What remained constant?,Adulthood > Parenthood,Children,no match,Story,2,3
What defined this period?,Adulthood > Parenthood,Children,no match,Story,2,3
How did you grow/change?,Adulthood > Parenthood,Children,no match,Story,2,3
What wisdom did you gain?,Adulthood > Parenthood,Children,no match,Story,2,3
Move to Nashville,Adulthood > Parenthood > What legacy began forming?,Children,no match,Story,3,4
Adult Children,Adulthood > Parenthood,Children,no match,Story,2,3
How did relationships with adult children evolve?,Adulthood > Parenthood,Children,no match,Story,2,3
What role did you play in their lives?,Adulthood > Parenthood,Children,no match,Story,2,3
How did you support their growth?,Adulthood > Parenthood,Children,no match,Story,2,3
What joys did you experience?,Adulthood > Parenthood,Children,no match,Story,2,3
Grandchildren,Adulthood > Parenthood,Children,no match,Story,2,3
What was becoming a grandparent like?,Adulthood > Parenthood,Children,no match,Story,2,3
How do you connect with grandchildren?,Adulthood > Parenthood,Children,no match,Story,2,3
What role do you play in their lives?,Adulthood > Parenthood,Children,no match,Story,2,3
What traditions do you share?,Adulthood > Parenthood,Children,no match,Story,2,3
What values do you hope to pass on?,Adulthood > Parenthood,Children,no match,Story,2,3
What activities do you enjoy together?,Adulthood > Parenthood,Children,no match,Story,2,3
What lessons do you share?,Adulthood > Parenthood,Children,no match,Story,2,3
What legacy do you want to leave?,Adulthood > Parenthood,Children,no match,Story,2,3
Extended Family,Adulthood > Parenthood,Children,no match,Story,2,3
How have family relationships evolved?,Adulthood > Parenthood,Children,no match,Story,2,3
What family gatherings occur?,Adulthood > Parenthood,Children,no match,Story,2,3
Ho,Adulthood > Parenthood,Children,no match,Story,2,3
w do you maintain connections?,Adulthood > Parenthood,Children,no match,Story,2,3
What new traditions emerged?,Adulthood > Parenthood,Children,no match,Story,2,3
What family history do you share?,Adulthood > Parenthood,Children,no match,Story,2,3
How do you strengthen bonds?,Adulthood > Parenthood,Children,no match,Story,2,3
What family values endure?,Adulthood > Parenthood,Children,no match,Story,2,3
What legacy are you creating?,Adulthood > Parenthood,Children,no match,Story,2,3
"I want
to continue growing in business and building financial security while spending
quality time with my children, their families, and supporting their interests.
Current Focus",Adulthood > The Future > Current Focus,Future,no match,Story,3,4
Looking Forward,Adulthood > The Future > Current Focus,Future,no match,Story,3,4
"Do you have a dream you haven't achieved
yet? Will you keep trying?",Adulthood > The Future,Future,no match,Story,2,3
What dreams remain?,Adulthood > The Future,Future,no match,Story,2,3
What goals inspire you?,Adulthood > The Future,Future,no match,Story,2,3
What changes do you seek?,Adulthood > The Future,Future,no match,Story,2,3
What adventures call?,Adulthood > The Future,Future,no match,Story,2,3
What possibilities excite?,Adulthood > The Future,Future,no match,Story,2,3
What legacy continues forming?,Adulthood > The Future,Future,no match,Story,2,3
What impact do you hope for?,Adulthood > The Future,Future,no match,Story,2,3
What matters for the future?,Adulthood > The Future,Future,no match,Story,2,3
What hopes for family future?,Adulthood > The Future,Future,no match,Story,2,3
What traditions should continue?,Adulthood > The Future,Future,no match,Story,2,3
What values should endure?,Adulthood > The Future,Future,no match,Story,2,3
What stories should be remembered?,Adulthood > The Future,Future,no match,Story,2,3
What wisdom should guide?,Adulthood > The Future,Future,no match,Story,2,3
What love should multiply?,Adulthood > The Future,Future,no match,Story,2,3
How do you prepare?,Adulthood > The Future,Future,no match,Story,2,3
What challenges do you anticipate?,Adulthood > The Future,Future,no match,Story,2,3
What opportunities do you see?,Adulthood > The Future,Future,no match,Story,2,3
What wisdom guides you?,Adulthood > The Future,Future,no match,Story,2,3
What peace have you found?,Adulthood > The Future,Future,no match,Story,2,3
What joy sustains you?,Adulthood > The Future,Future,no match,Story,2,3
What love surrounds you?,Adulthood > The Future,Future,no match,Story,2,3
What's next?,Adulthood > The Future,Future,no match,Story,2,3
What advice would you give your younger self?,Adulthood > Personal Reflection,Personal Reflection,no match,Reflection,2,3
What were the most significant challenges you faced and the lessons learned?,Adulthood > Personal Reflection,Personal Reflection,no match,Reflection,2,3
What did you wear when younger that mortifies you now?,Adulthood > Personal Reflection,Personal Reflection,no match,Reflection,2,3
What advice would you give your great grandchildren?,Adulthood > Personal Reflection,Personal Reflection,no match,Reflection,2,3
What personal expectations do you hold yourself to?,"Adulthood > Personal Reflection > What is your best
advice when it comes to work?",Personal Reflection,no match,Reflection,3,4
What�s your idea of happiness?,Adulthood > Personal Reflection,Personal Reflection,no match,Reflection,2,3
Who/What inspires you?,Adulthood > Personal Reflection,Personal Reflection,no match,Reflection,2,3
"What beliefs do you
have that are different than your parents�?",Adulthood > Personal Reflection,Personal Reflection,no match,Reflection,2,3
"What have you changed
your mind about over the years?",Adulthood > Personal Reflection,Personal Reflection,no match,Reflection,2,3
Early Memories of Money,THEMES > Financial > What are your views on money?,Financial,no match,Story,3,4
Money�Tough times�.,THEMES > Financial > What are your views on money?,Financial,no match,Story,3,4
Kash and Karry,THEMES > Financial > What are your views on money?,Financial,no match,Story,3,4
First Purchased House,THEMES > Financial > What are your views on money?,Financial,no match,Story,3,4
Kash and Karry to Save Money,THEMES > Financial > What are your views on money?,Financial,no match,Story,3,4
Just Write a Check,THEMES > Financial > What are your views on money?,Financial,no match,Story,3,4
Odd Jobs,THEMES > Financial > What are your views on money?,Financial,no match,Story,3,4
The Business Grew,THEMES > Financial > What are your views on money?,Financial,no match,Story,3,4
We Moved Again,THEMES > Financial > What are your views on money?,Financial,no match,Story,3,4
First Semester College Money,THEMES > Financial > What are your views on money?,Financial,no match,Story,3,4
How did goals change?,THEMES > Financial,Financial,no match,Story,2,3
What financial security meant?,THEMES > Financial,Financial,no match,Story,2,3
How did you balance spending/saving?,THEMES > Financial,Financial,no match,Story,2,3
What lifestyle choices affected finances?,THEMES > Financial,Financial,no match,Story,2,3
What financial worries existed?,THEMES > Financial,Financial,no match,Story,2,3
What financial freedom meant?,THEMES > Financial,Financial,no match,Story,2,3
How did you plan legacy?,THEMES > Financial,Financial,no match,Story,2,3
What major purchases occurred?,THEMES > Financial,Financial,no match,Story,2,3
How did you handle finances?,THEMES > Financial,Financial,no match,Story,2,3
What investment choices did you make?,THEMES > Financial,Financial,no match,Story,2,3
What financial challenges arose?,THEMES > Financial,Financial,no match,Story,2,3
How did you plan for future?,THEMES > Financial,Financial,no match,Story,2,3
What financial lessons did you learn?,THEMES > Financial,Financial,no match,Story,2,3
What risks did you take?,THEMES > Financial,Financial,no match,Story,2,3
How did wealth affect choices?,THEMES > Financial,Financial,no match,Story,2,3
Financial Management,THEMES > Financial,Financial,no match,Story,2,3
How did you budget?,THEMES > Financial,Financial,no match,Story,2,3
What savings strategies worked?,THEMES > Financial,Financial,no match,Story,2,3
What debt did you manage?,THEMES > Financial,Financial,no match,Story,2,3
How did you plan retirement?,THEMES > Financial,Financial,no match,Story,2,3
What financial advice helped?,THEMES > Financial,Financial,no match,Story,2,3
What mistakes taught you?,THEMES > Financial,Financial,no match,Story,2,3
What successes encouraged you?,THEMES > Financial,Financial,no match,Story,2,3
How did you teach children about money?,THEMES > Financial,Financial,no match,Story,2,3
When was your first girlfriend?,THEMES > Relationships,Boy/Girlfriend,no match,Story,2,3
Spin the Bottle,THEMES > Relationships > When was your first kiss?,Boy/Girlfriend,no match,Story,3,4
Unavoidable Fight,THEMES > Relationships > When was your first kiss?,Boy/Girlfriend,no match,Story,3,4
First Disappointment,THEMES > Relationships > When was your first kiss?,Boy/Girlfriend,no match,Story,3,4
How did you meet your wife?,THEMES > Relationships,Boy/Girlfriend,no match,Story,2,3
What is your definition of love?,THEMES > Relationships,Boy/Girlfriend,no match,Story,2,3
What was it like the first time you fell in love?,THEMES > Relationships,Boy/Girlfriend,no match,Story,2,3
Have you ever had your heart broken?,THEMES > Relationships,Boy/Girlfriend,no match,Story,2,3
What is your idea of perfect happiness?,THEMES > Relationships,Boy/Girlfriend,no match,Story,2,3
What was one of the most romantic moments in your life?,THEMES > Relationships,Boy/Girlfriend,no match,Story,2,3
What do you think are the secrets to a happy relationship?,THEMES > Relationships,Boy/Girlfriend,no match,Story,2,3
How have love relationships influenced you?,THEMES > Relationships,Boy/Girlfriend,no match,Story,2,3
How would you describe your politics?,THEMES > Politics,World & Politics,no match,Story,2,3
Which Presidents have you voted for and why?,THEMES > Politics,World & Politics,no match,Story,2,3
How have your political opinions changed over time?,THEMES > Politics,World & Politics,no match,Story,2,3
Football,THEMES > Sports > How have sports influenced your life?,Sports,no match,Story,3,4
Swimming,THEMES > Sports > How have sports influenced your life?,Sports,no match,Story,3,4
First Experience,THEMES > Sports > How have sports influenced your life?,Sports,no match,Story,3,4
First Play,THEMES > Sports > How have sports influenced your life?,Sports,no match,Story,3,4
I Wasn�t Very Good,THEMES > Sports > How have sports influenced your life?,Sports,no match,Story,3,4
The Monster Snake,THEMES > Sports > How have sports influenced your life?,Sports,no match,Story,3,4
Scavenger for Golf Balls,THEMES > Sports > How have sports influenced your life?,Sports,no match,Story,3,4
Greenville Country Club,THEMES > Sports > How have sports influenced your life?,Sports,no match,Story,3,4
My Only Sport,THEMES > Sports > How have sports influenced your life?,Sports,no match,Story,3,4
Golf is a Valuable Skill,THEMES > Sports > How have sports influenced your life?,Sports,no match,Story,3,4
"Did you ever want to
be a professional athlete?",THEMES > Sports,Sports,no match,Story,2,3
What was your favorite sport?,THEMES > Sports,Sports,no match,Story,2,3
What was your favorite sports team?,THEMES > Sports,Sports,no match,Story,2,3
What was your favorite player of all time?,THEMES > Sports,Sports,no match,Story,2,3
What sporting event would you most like to attend?,THEMES > Sports,Sports,no match,Story,2,3
Masters,THEMES > Sports > What is your favorite sporting event attended?,Sports,no match,Story,3,4
French Open,THEMES > Sports > What is your favorite sporting event attended?,Sports,no match,Story,3,4
Is there a sporting event you remember as a kid?,THEMES > Sports,Sports,no match,Story,2,3
What is your favorite sports movie?,THEMES > Sports,Sports,no match,Story,2,3
Gas Money,THEMES > Cars > �What was your first car?,Cars,no match,Story,3,4
"Stolen
Battery",THEMES > Cars > �What was your first car?,Cars,no match,Story,3,4
"First
Accident",THEMES > Cars > �What was your first car?,Cars,no match,Story,3,4
"The End of
My First Car",THEMES > Cars > �What was your first car?,Cars,no match,Story,3,4
Second Car,THEMES > Cars > �What was your first car?,Cars,no match,Story,3,4
"The
Firebird","THEMES > Cars > How did you learn to
drive?",Cars,no match,Story,3,4
Audi,"THEMES > Cars > How did you learn to
drive?",Cars,no match,Story,3,4
What car trouble have you had?,THEMES > Cars,Cars,no match,Story,2,3
The Station Wagon,THEMES > Cars > What accidents have you had?,Cars,no match,Story,3,4
Thanksgiving Deer,THEMES > Cars > What accidents have you had?,Cars,no match,Story,3,4
Poor Dog,THEMES > Cars > What accidents have you had?,Cars,no match,Story,3,4
What moves have you made?,THEMES > Moves,Homes & Moves,no match,Story,2,3
"�Wow, What a Pool!�",THEMES > Vacations,Vacations,no match,Story,2,4
�Glad you got to meet me!�,THEMES > Vacations,Vacations,no match,Story,2,4
Skiing,THEMES > Vacations,Vacations,no match,Story,2,4
The Beach,THEMES > Vacations,Vacations,no match,Story,2,4
Body Surfing,THEMES > Vacations,Vacations,no match,Story,2,4
Vacations with the Meltons,THEMES > Vacations,Vacations,no match,Story,2,4
Myrtle Monsters,THEMES > Vacations,Vacations,no match,Story,2,4
Bachelor Party,THEMES > Vacations,Vacations,no match,Story,2,4
Grilling Shark,THEMES > Vacations,Vacations,no match,Story,2,4
Wake Boarding,THEMES > Vacations,Vacations,no match,Story,2,4
Clemson Football Games,THEMES > Vacations,Vacations,no match,Story,2,4
How has technology influenced your life?,THEMES > Technology,Science & Technology,no match,Story,2,3
Music,"THEMES > Technology > What inventions have had the biggest impact
on your day-to-day life?",Science & Technology,no match,Story,3,4
Computers,"THEMES > Technology > What inventions have had the biggest impact
on your day-to-day life?",Science & Technology,no match,Story,3,4
Laptops.,"THEMES > Technology > What inventions have had the biggest impact
on your day-to-day life?",Science & Technology,no match,Story,3,4
Email,"THEMES > Technology > What inventions have had the biggest impact
on your day-to-day life?",Science & Technology,no match,Story,3,4
Cameras,"THEMES > Technology > What inventions have had the biggest impact
on your day-to-day life?",Science & Technology,no match,Story,3,4
Internet,"THEMES > Technology > What inventions have had the biggest impact
on your day-to-day life?",Science & Technology,no match,Story,3,4
Artificial Intelligence,"THEMES > Technology > What inventions have had the biggest impact
on your day-to-day life?",Science & Technology,no match,Story,3,4
Cars,"THEMES > Technology > What inventions have had the biggest impact
on your day-to-day life?",Science & Technology,no match,Story,3,4
Electric,"THEMES > Technology > What inventions have had the biggest impact
on your day-to-day life?",Science & Technology,no match,Story,3,4
"How
has music influenced your life?",THEMES > Music,Music,no match,Story,2,3
The Changing Technology of Music,THEMES > Music > What did you listen to over the years?,Music,no match,Story,3,4
A Mother�s Crush,THEMES > Music > What did you listen to over the years?,Music,no match,Story,3,4
Evolving Tastes and Country Roads,THEMES > Music > What did you listen to over the years?,Music,no match,Story,3,4
The Beats of Hip-Hop and Cultural Storms,THEMES > Music > What did you listen to over the years?,Music,no match,Story,3,4
The Technology and True Artists,THEMES > Music > What did you listen to over the years?,Music,no match,Story,3,4
Closing Note: Music and Life,THEMES > Music > What did you listen to over the years?,Music,no match,Story,3,4
What countries have you been to?,THEMES > Music,Music,no match,Story,2,3
What states have you been to?,THEMES > Music,Music,no match,Story,2,3
Mardi Gras,THEMES > Music > Did you ever take any great road trips?,Music,no match,Story,3,4
Best trip,THEMES > Music > Did you ever take any great road trips?,Music,no match,Story,3,4
Worst trip,THEMES > Music > Did you ever take any great road trips?,Music,no match,Story,3,4
Longest trip,THEMES > Music > Did you ever take any great road trips?,Music,no match,Story,3,4
Ski Trips,THEMES > Music > Did you ever take any great road trips?,Music,no match,Story,3,4
Learning to Windsurf,THEMES > Music > Did you ever take any great road trips?,Music,no match,Story,3,4
Windsurfing in Grand Caymen,THEMES > Music > Did you ever take any great road trips?,Music,no match,Story,3,4
Windsurfing in Hawaii,THEMES > Music > Did you ever take any great road trips?,Music,no match,Story,3,4
Windsurfing in Aruba,THEMES > Music > Did you ever take any great road trips?,Music,no match,Story,3,4
"Davos, Switzerland",THEMES > Music > Did you ever take any great road trips?,Music,no match,Story,3,4
Missed Christmas Flight,THEMES > Music > Have you ever missed a flight?,Music,no match,Story,3,4
Travelling Baseball,THEMES > Music > Have you ever missed a flight?,Music,no match,Story,3,4
Close Call,THEMES > Music > Have you ever missed a flight?,Music,no match,Story,3,4
What things from home did you miss the most while living overseas?,THEMES > Music,Music,no match,Story,2,3
How has travel influenced you?,THEMES > Music,Music,no match,Story,2,3
How to Win at Office Politics.,THEMES > Books,Books,no match,Story,2,4
News,THEMES > Television > What cartoons did you watch as a kid?,Television,no match,Story,3,4
TV Evolution,THEMES > Television > What cartoons did you watch as a kid?,Television,no match,Story,3,4
"Do you believe in
ghosts?",THEMES > Miscellaneous,Miscellaneous,no match,Story,2,3
"Do you believe in
UFOs?",THEMES > Miscellaneous,Miscellaneous,no match,Story,2,3
"Do you believe in life
after death?",THEMES > Miscellaneous,Miscellaneous,no match,Story,2,3
Do you believe there is life on other planets?,THEMES > Miscellaneous,Miscellaneous,no match,Story,2,3
Which past time would you like to travel to?,THEMES > Miscellaneous,Miscellaneous,no match,Story,2,3
"What are you
superstitious about?",THEMES > Miscellaneous,Miscellaneous,no match,Story,2,3
"What have been some of
your life's greatest surprises, disappointments?",THEMES > Miscellaneous,Miscellaneous,no match,Story,2,3
The Gift of Responsibility,THEMES > Miscellaneous > What is the best gift you�ve ever received?,Miscellaneous,no match,Story,3,4
What is your greatest achievement?,THEMES > Miscellaneous,Miscellaneous,no match,Story,2,3
What was your most important decision?,THEMES > Miscellaneous,Miscellaneous,no match,Story,2,3
What decision did you worry about that didn�t matter?,THEMES > Miscellaneous,Miscellaneous,no match,Story,2,3
Restaurants,THEMES > Miscellaneous > Favorites,Favorites,no match,Story,3,4
Drinks,THEMES > Miscellaneous > Favorites,Favorites,no match,Story,3,4
Color,THEMES > Miscellaneous > Favorites,Favorites,no match,Story,3,4
Wine,THEMES > Miscellaneous > Favorites,Favorites,no match,Story,3,4
Dessert,THEMES > Miscellaneous > Favorites,Favorites,no match,Story,3,4
Beer,THEMES > Miscellaneous > Favorites,Favorites,no match,Story,3,4
Ice Cream,THEMES > Miscellaneous > Favorites,Favorites,no match,Story,3,4
Sandwich,THEMES > Miscellaneous > Favorites,Favorites,no match,Story,3,4
How do you like your coffee?,THEMES > Miscellaneous,Miscellaneous,no match,Story,2,3
How do you like your eggs?,THEMES > Miscellaneous,Miscellaneous,no match,Story,2,3
What allergies do you have?,THEMES > Miscellaneous,Miscellaneous,no match,Story,2,3
Did you have braces?,THEMES > Miscellaneous,Miscellaneous,no match,Story,2,3
Do you like roller coasters?,THEMES > Miscellaneous,Miscellaneous,no match,Story,2,3
Did you ever skip school?,THEMES > Miscellaneous,Miscellaneous,no match,Story,2,3
What is your favorite season?,THEMES > Miscellaneous,Miscellaneous,no match,Story,2,3
Liquor,THEMES > Miscellaneous > Have you ever broken a bone?,Miscellaneous,no match,Story,3,4
Best days,THEMES > Miscellaneous,Miscellaneous,no match,Story,2,3
Worst Days,THEMES > Miscellaneous,Miscellaneous,no match,Story,2,3
Difficult?,THEMES > Miscellaneous,Miscellaneous,no match,Story,2,3
How did you overcome?,THEMES > Miscellaneous,Miscellaneous,no match,Story,2,3
happiest/unhappiest,THEMES > Miscellaneous,Miscellaneous,no match,Story,2,3
Fears,THEMES > Miscellaneous,Miscellaneous,no match,Story,2,3
Loves,THEMES > Miscellaneous,Miscellaneous,no match,Story,2,3
"What
was one of the toughest, easiest, best, worst parts about raising first,
second, third",THEMES > Miscellaneous,Miscellaneous,no match,Story,2,3
What makes you Scared?,THEMES > Miscellaneous,Miscellaneous,no match,Story,2,3
What makes you Happy?,THEMES > Miscellaneous,Miscellaneous,no match,Story,2,3
What makes you depressed?,THEMES > Miscellaneous,Miscellaneous,no match,Story,2,3
Who are your closest friends,THEMES > Miscellaneous,Miscellaneous,no match,Story,2,3
What are your favorite Possessions?,THEMES > Miscellaneous,Miscellaneous,no match,Story,2,3
What are your Strengths,THEMES > Miscellaneous,Miscellaneous,no match,Story,2,3
What are your Weaknesses,THEMES > Miscellaneous,Miscellaneous,no match,Story,2,3
"What simple pleasures of life do you truly
enjoy?",THEMES > Miscellaneous,Miscellaneous,no match,Story,2,3
"What successes/failures (mistakes) have you
made?",THEMES > Miscellaneous,Miscellaneous,no match,Story,2,3
What would you have done differently?,THEMES > Miscellaneous,Miscellaneous,no match,Story,2,3
"What is one of the craziest things that's
ever happened to you?",THEMES > Miscellaneous,Miscellaneous,no match,Story,2,3
"How has your life turned out differently
than you imagined it would?",THEMES > Miscellaneous,Miscellaneous,no match,Story,2,3
Lake Hartwell,THEMES > Adventures > What adventures have you had?,Adventures,no match,Story,3,4
Florida,THEMES > Adventures > What adventures have you had?,Adventures,no match,Story,3,4
Traditions,THEMES > Food,Favorites,no match,Story,2,4
My Favorites Then and Now,THEMES > Food,Favorites,no match,Story,2,4
My Favorites Now,THEMES > Food,Favorites,no match,Story,2,4
Least Favorites,THEMES > Food,Favorites,no match,Story,2,4
Have these changed over time?,THEMES > Food,Favorites,no match,Story,2,3
Snoring Keeping Santa Away,THEMES > Holidays,Christmas,no match,Story,2,4
Santa�s Helper,THEMES > Holidays,Christmas,no match,Story,2,4
"Have you ever gotten
into a fight?",THEMES > Fights,Relationships,no match,Story,2,3
How has your worldview evolved?,THEMES > Reflection,World & Politics,no match,Story,2,3
What values remain constant?,THEMES > Reflection,Personal Reflection,no match,Reflection,2,3
What beliefs have changed?,THEMES > Reflection,Personal Reflection,no match,Reflection,2,3
What wisdom would you share?,THEMES > Reflection,Personal Reflection,no match,Reflection,2,3
What matters most now?,THEMES > Reflection,Personal Reflection,no match,Reflection,2,3
How do you define success?,THEMES > Reflection,Personal Reflection,no match,Reflection,2,3
What gives life meaning?,THEMES > Reflection,Personal Reflection,no match,Reflection,2,3
What do you want to be remembered for?,THEMES > Legacy,Future,no match,Story,2,3
What values do you hope endure?,THEMES > Legacy,Future,no match,Story,2,3
What stories should be preserved?,THEMES > Legacy,Future,no match,Story,2,3
What wisdom should be shared?,THEMES > Legacy,Future,no match,Story,2,3
What traditions should continue?,THEMES > Legacy,Future,no match,Story,2,3
What impact do you hope to have?,THEMES > Legacy,Future,no match,Story,2,3
What dreams remain?,THEMES > Legacy,Future,no match,Story,2,3
What matters most?,THEMES > Legacy,Future,no match,Story,2,3
What are you most proud of?,THEMES > Legacy,Future,no match,Story,2,3
What are you most grateful for?,THEMES > Legacy,Future,no match,Story,2,3
What things matter most to you in life?,THEMES > Legacy,Future,no match,Story,2,3
What experiences most shaped your life?,THEMES > Personal,Personal Reflection,no match,Reflection,2,3
What decisions shaped your life most?,THEMES > Personal,Personal Reflection,no match,Reflection,2,3
What choices would you change?,THEMES > Personal,Personal Reflection,no match,Reflection,2,3
What risks paid off?,THEMES > Personal,Personal Reflection,no match,Reflection,2,3
What risks didn�t?,THEMES > Personal,Personal Reflection,no match,Reflection,2,3
What caution paid off?,THEMES > Personal,Personal Reflection,no match,Reflection,2,3
What caution did not?,THEMES > Personal,Personal Reflection,no match,Reflection,2,3
What principles guided choices?,THEMES > Personal,Personal Reflection,no match,Reflection,2,3
What influenced decisions?,THEMES > Personal,Personal Reflection,no match,Reflection,2,3
How have you changed over time?,THEMES > Personal,Personal Reflection,no match,Reflection,2,3
What growth are you proud of?,THEMES > Personal,Personal Reflection,no match,Reflection,2,3
What challenges changed you?,THEMES > Personal,Personal Reflection,no match,Reflection,2,3
What wisdom surprised you?,THEMES > Personal,Personal Reflection,no match,Reflection,2,3
What remains constant?,THEMES > Personal,Personal Reflection,no match,Reflection,2,3
What brings greatest satisfaction?,THEMES > Personal,Personal Reflection,no match,Reflection,2,3
What accomplishments mean most?,THEMES > Personal,Personal Reflection,no match,Reflection,2,3
What relationships matter most?,THEMES > Personal,Personal Reflection,no match,Reflection,2,3
What gives life meaning?,THEMES > Personal,Personal Reflection,no match,Reflection,2,3
What challenges were worthwhile?,THEMES > Personal,Personal Reflection,no match,Reflection,2,3
What joys sustain you?,THEMES > Personal,Personal Reflection,no match,Reflection,2,3
What regrets remain?,THEMES > Personal,Personal Reflection,no match,Reflection,2,3
What peace have you found?,THEMES > Personal,Personal Reflection,no match,Reflection,2,3
What were your biggest lessons?,THEMES > Personal,Personal Reflection,no match,Reflection,2,3
What would you do differently?,THEMES > Personal,Personal Reflection,no match,Reflection,2,3
What choices proved best?,THEMES > Personal,Personal Reflection,no match,Reflection,2,3
What challenges taught you most?,THEMES > Personal,Personal Reflection,no match,Reflection,2,3
What wisdom surprised you?,THEMES > Personal,Personal Reflection,no match,Reflection,2,3
What advice would you give?,THEMES > Personal,Personal Reflection,no match,Reflection,2,3
What principles guide you?,THEMES > Personal,Personal Reflection,no match,Reflection,2,3
What major changes have you witnessed?,THEMES > Era Overview,Personal Reflection,no match,Reflection,2,3
How has society evolved?,THEMES > Era Overview,Personal Reflection,no match,Reflection,2,3
What progress encourages you?,THEMES > Era Overview,Personal Reflection,no match,Reflection,2,3
What concerns remain?,THEMES > Era Overview,Personal Reflection,no match,Reflection,2,3
What wisdom has history taught?,THEMES > Era Overview,Personal Reflection,no match,Reflection,2,3
What cycles repeat?,THEMES > Era Overview,Personal Reflection,no match,Reflection,2,3
What changes surprise?,THEMES > Era Overview,Personal Reflection,no match,Reflection,2,3
What constants endure?,THEMES > Era Overview,Personal Reflection,no match,Reflection,2,3
How has culture changed?,THEMES > Era Overview,Personal Reflection,no match,Reflection,2,3
What values shifted?,THEMES > Era Overview,Personal Reflection,no match,Reflection,2,3
What traditions endure?,THEMES > Era Overview,Personal Reflection,no match,Reflection,2,3
What wisdom emerged?,THEMES > Era Overview,Personal Reflection,no match,Reflection,2,3
What changes challenge?,THEMES > Era Overview,Personal Reflection,no match,Reflection,2,3
What progress encourages?,THEMES > Era Overview,Personal Reflection,no match,Reflection,2,3
What concerns remain?,THEMES > Era Overview,Personal Reflection,no match,Reflection,2,3
What hope persists?,THEMES > Era Overview,Personal Reflection,no match,Reflection,2,3
What changes do you foresee?,THEMES > Era Overview,Personal Reflection,no match,Reflection,2,3
What hopes do you hold?,THEMES > Era Overview,Personal Reflection,no match,Reflection,2,3
What concerns you?,THEMES > Era Overview,Personal Reflection,no match,Reflection,2,3
What wisdom might help?,THEMES > Era Overview,Personal Reflection,no match,Reflection,2,3
What should endure?,THEMES > Era Overview,Personal Reflection,no match,Reflection,2,3
What should change?,THEMES > Era Overview,Personal Reflection,no match,Reflection,2,3
What matters most?,THEMES > Era Overview,Personal Reflection,no match,Reflection,2,3
What world events impacted you?,THEMES > Historical Events,World & Politics,no match,Story,2,3
What political changes affected you?,THEMES > Historical Events,World & Politics,no match,Story,2,3
What economic conditions shaped choices?,THEMES > Historical Events,World & Politics,no match,Story,2,3
What technological changes occurred?,THEMES > Historical Events,World & Politics,no match,Story,2,3
First Moon Walk,THEMES > Historical Events > What cultural shifts influenced you?,World & Politics,no match,Story,3,4
Vietnam War,THEMES > Historical Events > What cultural shifts influenced you?,World & Politics,no match,Story,3,4
Richard Nixon Resignation,THEMES > Historical Events > What cultural shifts influenced you?,World & Politics,no match,Story,3,4
11-Sep,THEMES > Historical Events > What cultural shifts influenced you?,World & Politics,no match,Story,3,4
Shuttle Challenger Explosion,THEMES > Historical Events > What cultural shifts influenced you?,World & Politics,no match,Story,3,4
How has life turned out differently than you imagined?,THEMES > Differences,Personal Reflection,no match,Reflection,2,3
Has Life been good to you?,THEMES > Blessings,Personal Reflection,no match,Reflection,2,3
What are you grateful for?,THEMES > Blessings,Personal Reflection,no match,Reflection,2,3
Didn�t Make the Team,THEMES > Blessings > What were your disappointments?,Personal Reflection,no match,Reflection,3,4
Didn�t Make the Golf Team,THEMES > Blessings > What were your disappointments?,Personal Reflection,no match,Reflection,3,4
She Broke Up With Me,THEMES > Blessings > What were your disappointments?,Personal Reflection,no match,Reflection,3,4
My Marriage,THEMES > Blessings > What were your disappointments?,Personal Reflection,no match,Reflection,3,4
What were your surpirses,THEMES > Blessings,Personal Reflection,no match,Reflection,2,3
What are your regrets?,THEMES > Blessings,Personal Reflection,no match,Reflection,2,3
What mistakes have you made?,THEMES > Blessings,Personal Reflection,no match,Reflection,2,3
What would you do differently?,THEMES > Blessings,Personal Reflection,no match,Reflection,2,3
What would you consider your motto?,THEMES > Blessings,Personal Reflection,no match,Reflection,2,3
"What advice would you give your 20, 30, 40, 50, 60 year old self?",THEMES > Advice,Personal Reflection,no match,Reflection,2,3
What advice would you give your great grandchildren?,THEMES > Advice,Personal Reflection,no match,Reflection,2,3
What makes you Optimistic or Pessimistic about the younger generation,THEMES > Advice,Personal Reflection,no match,Reflection,2,3
Who had the biggest influence on your life?,THEMES > Advice,Personal Reflection,no match,Reflection,2,3
What is your greatest achievement?,THEMES > Advice,Personal Reflection,no match,Reflection,2,3
What is your favorite holiday?,THEMES > Advice,Personal Reflection,no match,Reflection,2,3
"Cost of things�.food, gas, cars, movies, houses",THEMES > Advice > What are your happiest moments?,Personal Reflection,no match,Reflection,3,4
What were your hobbies?,THEMES > Advice,Personal Reflection,no match,Reflection,2,3
Have you known some colorful characters?,THEMES > Advice,Personal Reflection,no match,Reflection,2,3
Who did you look up to then and now?,THEMES > Advice,Personal Reflection,no match,Reflection,2,3
How has the world changed for better/worse?,THEMES > Advice,Personal Reflection,no match,Reflection,2,3
What do you miss about the 'old' days?,THEMES > Advice,Personal Reflection,no match,Reflection,2,3
How have you become wiser?,THEMES > Advice,Personal Reflection,no match,Reflection,2,3
What are the best things money can't buy?,THEMES > Advice,Personal Reflection,no match,Reflection,2,3
What are the best things about being a grandparent?,THEMES > Advice,Personal Reflection,no match,Reflection,2,3
What is the secret to staying young?,THEMES > Advice,Personal Reflection,no match,Reflection,2,3
What are your thoughts on the issues of the day?,THEMES > Issues,World & Politics,no match,Story,2,3
Minimum Wage?,THEMES > Issues > Wages,World & Politics,no match,Story,3,4
Remote Work vs. In-Office Work:,THEMES > Issues > Wages,World & Politics,no match,Story,3,4
Gig Economy and Worker Rights:,THEMES > Issues,World & Politics,no match,Story,2,3
Wealth Inequality:,THEMES > Issues,World & Politics,no match,Story,2,3
Social and Cultural Topics,THEMES > Issues,World & Politics,no match,Story,2,3
Capitalism versus Socialism,THEMES > Issues,World & Politics,no match,Story,2,3
Education,THEMES > Issues,World & Politics,no match,Story,2,3
Healthcare System:,THEMES > Issues,World & Politics,no match,Story,2,3
Free Speech vs. Censorship:,THEMES > Issues,World & Politics,no match,Story,2,3
Diversity and Inclusion:,THEMES > Issues,World & Politics,no match,Story,2,3
Immigration:,THEMES > Issues,World & Politics,no match,Story,2,3
Technology and Innovation,THEMES > Issues,World & Politics,no match,Story,2,3
Governance and Global Relations,THEMES > Issues,World & Politics,no match,Story,2,3
Government Spending and Debt:,THEMES > Issues,World & Politics,no match,Story,2,3
Political Polarization:,THEMES > Issues,World & Politics,no match,Story,2,3
Globalization vs. Protectionism:,THEMES > Issues,World & Politics,no match,Story,2,3
Human Rights:,THEMES > Issues,World & Politics,no match,Story,2,3
Military and Defense Spending:,THEMES > Issues,World & Politics,no match,Story,2,3
Ethical and Philosophical Questions,THEMES > Issues,World & Politics,no match,Story,2,3
Toughest/easiest,"THEMES > My Children > William,
Elizabeth, and Caroline",Children,no match,Story,3,4
Best/worst,"THEMES > My Children > William,
Elizabeth, and Caroline",Children,no match,Story,3,4
�Hippies,The Decades > The 1960�s > Society & Culture,The 1960's,no match,Story,3,4
Integrated Classroom,The Decades > The 1960�s > Society & Culture,The 1960's,no match,Story,3,4
Women�s Rights,The Decades > The 1960�s > Society & Culture,The 1960's,no match,Story,3,4
Music,The Decades > The 1960�s > Society & Culture,The 1960's,no match,Story,3,4
The Vietnam War,The Decades > The 1960�s > Society & Culture,The 1960's,no match,Story,3,4
Science and Technology,The Decades > The 1960�s > Society & Culture,The 1960's,no match,Story,3,4
Man on the Moon,The Decades > The 1960�s > Society & Culture,The 1960's,no match,Story,3,4
JFK Assassination,The Decades > The 1960�s > Society & Culture,The 1960's,no match,Story,3,4
Muhammed Ali,The Decades > The 1960�s > Society & Culture,The 1960's,no match,Story,3,4
1960,The Decades > The 1960�s > Business,The 1960's,no match,Story,3,4
1961,The Decades > The 1960�s > Business,The 1960's,no match,Story,3,4
1962,The Decades > The 1960�s > Business,The 1960's,no match,Story,3,4
1963,The Decades > The 1960�s > Business,The 1960's,no match,Story,3,4
1964,The Decades > The 1960�s > Business,The 1960's,no match,Story,3,4
1965,The Decades > The 1960�s > Business,The 1960's,no match,Story,3,4
1966,The Decades > The 1960�s > Business,The 1960's,no match,Story,3,4
1967,The Decades > The 1960�s > Business,The 1960's,no match,Story,3,4
1968,The Decades > The 1960�s > Business,The 1960's,no match,Story,3,4
1969,The Decades > The 1960�s > Business,The 1960's,no match,Story,3,4
The 1970�s,The Decades,The Decades,no match,Story,1,2
"1970,",The Decades > The 1970�s - Economics,The 1970s,no match,Story,2,4
"1971,",The Decades > The 1970�s - Economics,The 1970s,no match,Story,2,4
1972,The Decades > The 1970�s - Economics,The 1970s,no match,Story,2,4
1973,The Decades > The 1970�s - Economics,The 1970s,no match,Story,2,4
1974,The Decades > The 1970�s - Economics,The 1970s,no match,Story,2,4
"1975,",The Decades > The 1970�s - Economics,The 1970s,no match,Story,2,4
"1976,",The Decades > The 1970�s - Economics,The 1970s,no match,Story,2,4
1977,The Decades > The 1970�s - Economics,The 1970s,no match,Story,2,4
"1978,",The Decades > The 1970�s - Economics,The 1970s,no match,Story,2,4
1979,The Decades > The 1970�s - Economics,The 1970s,no match,Story,2,4
1980,The Decades > The 1980�s > Business�,The 1980s,no match,Story,3,4
1981,The Decades > The 1980�s > Business�,The 1980s,no match,Story,3,4
1982,The Decades > The 1980�s > Business�,The 1980s,no match,Story,3,4
1983,The Decades > The 1980�s > Business�,The 1980s,no match,Story,3,4
1984,The Decades > The 1980�s > Business�,The 1980s,no match,Story,3,4
1985,The Decades > The 1980�s > Business�,The 1980s,no match,Story,3,4
1986,The Decades > The 1980�s > Business�,The 1980s,no match,Story,3,4
1987,The Decades > The 1980�s > Business�,The 1980s,no match,Story,3,4
1988,The Decades > The 1980�s > Business�,The 1980s,no match,Story,3,4
1989,The Decades > The 1980�s > Business�,The 1980s,no match,Story,3,4
1990,The Decades > The 1990�s,The 1990s,no match,Story,2,4
1991,The Decades > The 1990�s,The 1990s,no match,Story,2,4
1992,The Decades > The 1990�s,The 1990s,no match,Story,2,4
1993,The Decades > The 1990�s,The 1990s,no match,Story,2,4
1994,The Decades > The 1990�s,The 1990s,no match,Story,2,4
1995,The Decades > The 1990�s,The 1990s,no match,Story,2,4
1996,The Decades > The 1990�s,The 1990s,no match,Story,2,4
1997,The Decades > The 1990�s,The 1990s,no match,Story,2,4
1998,The Decades > The 1990�s,The 1990s,no match,Story,2,4
1999,The Decades > The 1990�s,The 1990s,no match,Story,2,4
2000,"The Decades > The
2000�s",The 2000s,no match,Story,2,4
2001,"The Decades > The
2000�s",The 2000s,no match,Story,2,4
2002,"The Decades > The
2000�s",The 2000s,no match,Story,2,4
2003,"The Decades > The
2000�s",The 2000s,no match,Story,2,4
2004,"The Decades > The
2000�s",The 2000s,no match,Story,2,4
2005,"The Decades > The
2000�s",The 2000s,no match,Story,2,4
2006,"The Decades > The
2000�s",The 2000s,no match,Story,2,4
2007,"The Decades > The
2000�s",The 2000s,no match,Story,2,4
2008,"The Decades > The
2000�s",The 2000s,no match,Story,2,4
2009,"The Decades > The
2000�s",The 2000s,no match,Story,2,4
2010,The Decades > The 2010�s > Business,The 2010s,no match,Story,3,4
2011,The Decades > The 2010�s > Business,The 2010s,no match,Story,3,4
2012,The Decades > The 2010�s > Business,The 2010s,no match,Story,3,4
2013,The Decades > The 2010�s > Business,The 2010s,no match,Story,3,4
2014,The Decades > The 2010�s > Business,The 2010s,no match,Story,3,4
2015,The Decades > The 2010�s > Business,The 2010s,no match,Story,3,4
2016,The Decades > The 2010�s > Business,The 2010s,no match,Story,3,4
2017,The Decades > The 2010�s > Business,The 2010s,no match,Story,3,4
2018,The Decades > The 2010�s > Business,The 2010s,no match,Story,3,4
2019,The Decades > The 2010�s > Business,The 2010s,no match,Story,3,4
Politics,The Decades > The 2020�s,The 2020s,no match,Story,2,3
2020,The Decades > The 2020�s > Business,The 2020s,no match,Story,3,4
2021,The Decades > The 2020�s > Business,The 2020s,no match,Story,3,4
2022,The Decades > The 2020�s > Business,The 2020s,no match,Story,3,4
2023,The Decades > The 2020�s > Business,The 2020s,no match,Story,3,4
2024,The Decades > The 2020�s > Business,The 2020s,no match,Story,3,4
2025,The Decades > The 2020�s > Business,The 2020s,no match,Story,3,4
