Title,Category Path,Category,About,Who-code,What-code,When-code,Type
Legacy Thoughts,Introduction,About,0,2,,,Story
When were you born?,Introduction > My Birth,Birthdays,,2,49,,Story
,Introduction > My Birth,Birthdays,,2,49,,Story
,Introduction > My Birth,Birthdays,,2,49,,Story
,Introduction > My Birth,Birthdays,,2,49,,Story
,Introduction > My Birth,Birthdays,,2,49,,Story
Where were you born?,Introduction > My Birth,Birthdays,,2,49,,Story
"Like
James?",Introduction > My Birth > What�s the story behind your name?,Birthdays,,2,49,,Story
What was happening in the world when you were born?,Introduction > My Birth,Birthdays,,2,49,,Story
How much did things cost in 1959?,Introduction > My Birth,Birthdays,,2,49,,Story
What is the story behind the family names?,Introduction > Family Names,Family Names,,2,32,,Story
The Bond Side,Introduction > Family Names > What do you know about the family origins?,Family Names,,2,32,,Story
The Bond Motto,Introduction > Family Names > What do you know about the family origins?,Family Names,,2,32,,Story
The Davis Side,Introduction > Family Names > What do you know about the family origins?,Family Names,,2,32,,Story
The Davis Motto,Introduction > Family Names > What do you know about the family origins?,Family Names,,2,32,,Story
My Parents,Introduction,Parents,,2,32,,Story
When was your father born?,Introduction > My Father,Father,,4,,,Story
Where was your father born?,Introduction > My Father,Father,,5,,,Story
Did your father have any siblings?,Introduction > My Father,Father,,5,,,Story
What was he like when he was younger?,Introduction > My Father,Father,,5,,,Story
"What did your father
do for a living?",Introduction > My Father,Father,,5,,,Story
Newspaper Delivery,Introduction > My Father > What beliefs or values did he instill in you?,Father,,5,,,Story
Slingshot,Introduction > My Father > What beliefs or values did he instill in you?,Father,,5,,,Story
"Heart
of Gold",Introduction > My Father > What beliefs or values did he instill in you?,Father,,5,,,Story
Vacations,Introduction > My Father > What beliefs or values did he instill in you?,Father,,5,,,Story
No College,Introduction > My Father > What beliefs or values did he instill in you?,Father,,5,,,Story
Navy Service,Introduction > My Father > What beliefs or values did he instill in you?,Father,,5,,,Story
First Priority,Introduction > My Father > What beliefs or values did he instill in you?,Father,,5,,,Story
Fear of Mice,Introduction > My Father > What beliefs or values did he instill in you?,Father,,5,,,Story
Saturday Morning Post Office,Introduction > My Father > What beliefs or values did he instill in you?,Father,,5,,,Story
"No
Role Model",Introduction > My Father > What beliefs or values did he instill in you?,Father,,5,,,Story
Care for Others,Introduction > My Father > What qualities did you get from your father?,Father,,5,,,Story
Success From Humble Beginnings,Introduction > My Father > What do you admire most about your father?,Father,,5,,,Story
Making Decisions,Introduction > My Father > What do you admire most about your father?,Father,,5,,,Story
Tribute to My Father,Introduction > My Father > What do you admire most about your father?,Father,,5,,,Story
When was your mother born?,Introduction > My Mother,Mother,,6,,,Story
Where was your mother born?,Introduction > My Mother,Mother,,6,,,Story
Did your mother have any siblings?,Introduction > My Mother,Mother,,6,,,Story
Dedication,Introduction > My Mother > What was she like when she was younger?,Mother,,6,,,Story
What qualities did you get from your mother?,Introduction > My Mother,Mother,,6,,,Story
What things do you admire the most about your mother?,Introduction > My Mother,Mother,,6,,,Story
How did your parents meet?,Introduction > Their Partnership,Parents,,4,,,Story
What Was Your Name Again?,Introduction > Their Partnership > What stories do you remember of them dating?,Parents,,4,,,Story
Don�t You Ever Talk?,Introduction > Their Partnership > What stories do you remember of them dating?,Parents,,4,,,Story
When did they get married?,Introduction > Their Partnership,Parents,,4,,,Story
"Are you more like your father or your
mother? In what ways?",Introduction > Their Partnership,Parents,,4,,,Story
Were your parents strict or relaxed?,Introduction > Their Partnership,Parents,,4,,,Story
Did you ever rebel?,Introduction > Their Partnership,Parents,,4,,,Story
"What was your relationship with your parents like when you were a child,
teenager, or adult?",Introduction > Their Partnership,Parents,,4,,,Story
"What was an important lesson parents taught, lived by shared with kids?",Introduction > Their Partnership,Parents,,4,,,Story
Did you have any siblings?,Introduction > My Siblings,Siblings,,13,,,Story
How far apart in age are you?,Introduction > My Siblings,Siblings,,13,,,Story
Injury Prone,Introduction > My Siblings > What was it like being so close in age?,Siblings,,13,,,Story
What was it like being the oldest?,Introduction > My Siblings,Siblings,,13,,,Story
"How
similar or different are you?",Introduction > My Siblings,Siblings,,13,,,Story
What did you do together?,Introduction > My Siblings,Siblings,,13,,,Story
How did your parents handle discipline?,Introduction > My Siblings,Siblings,,13,,,Story
Who took care of you during the day?,Introduction > My Siblings,Siblings,,13,,,Story
What family activities were common?,Introduction > My Siblings,Siblings,,13,,,Story
What conflicts do you remember?,Introduction > My Siblings,Siblings,,13,,,Story
My Cousins,Introduction,Cousins,,14,,,Story
They Are People Too,Introduction > My Grand Parents > What reflections do you have about your grandparents?,Paternal Grandfather,,8,,,Story
"Who
was your paternal grandfather?","Introduction > My
Paternal Grandfather",Paternal Grandfather,,8,,,Story
What impact did he have on your life?,"Introduction > My
Paternal Grandfather",Paternal Grandfather,,8,,,Story
Orange Grove,"Introduction > My
Paternal Grandfather > What stories do you remember about him?",Paternal Grandfather,,8,,,Story
Solitaire,"Introduction > My
Paternal Grandfather > What stories do you remember about him?",Paternal Grandfather,,8,,,Story
Go West Young Man,"Introduction > My
Paternal Grandfather > What stories do you remember about him?",Paternal Grandfather,,8,,,Story
Gidget,"Introduction > My
Paternal Grandfather > What stories do you remember about him?",Paternal Grandfather,,8,,,Story
His Death,"Introduction > My
Paternal Grandfather > What stories do you remember about him?",Paternal Grandfather,,8,,,Story
Who was your paternal grandmother?,Introduction > My Paternal Grandmother,Paternal Grandmother,,9,,,Story
What impact did she have on your life?,Introduction > My Paternal Grandmother,Paternal Grandmother,,9,,,Story
Seamstress for Pennies,Introduction > My Paternal Grandmother > What stories do you remember about her?,Paternal Grandmother,,9,,,Story
Part-time Sitter,Introduction > My Paternal Grandmother > What stories do you remember about her?,Paternal Grandmother,,9,,,Story
Muddy Bikes,Introduction > My Paternal Grandmother > What stories do you remember about her?,Paternal Grandmother,,9,,,Story
The Tattle Tail,Introduction > My Paternal Grandmother > What stories do you remember about her?,Paternal Grandmother,,9,,,Story
Coconut Cake,Introduction > My Paternal Grandmother > What stories do you remember about her?,Paternal Grandmother,,9,,,Story
She Loved to Fish,Introduction > My Paternal Grandmother > What stories do you remember about her?,Paternal Grandmother,,9,,,Story
Who was your maternal grandfather?,Introduction > My Maternal Grandfather,Maternal Grandfather,,10,,,Story
What impact did he have on your life?,Introduction > My Maternal Grandfather,Maternal Grandfather,,10,,,Story
Cough Drops,Introduction > My Maternal Grandfather > What stories do you remember about him?,Maternal Grandfather,,10,,,Story
Do You Have a Penny?,Introduction > My Maternal Grandfather > What stories do you remember about him?,Maternal Grandfather,,10,,,Story
Santa Won�t Stop,Introduction > My Maternal Grandfather > What stories do you remember about him?,Maternal Grandfather,,10,,,Story
Handyman,Introduction > My Maternal Grandfather > What stories do you remember about him?,Maternal Grandfather,,10,,,Story
Who was your maternal grandmother?,Introduction > My Maternal Grandmother,Maternal Grandmother,,11,,,Story
What impact did he have on your life?,Introduction > My Maternal Grandmother,Maternal Grandmother,,11,,,Story
First Detective Show,Introduction > My Maternal Grandmother > What stories do you remember about her?,Maternal Grandmother,,11,,,Story
Different Inside,Introduction > My Maternal Grandmother > What stories do you remember about her?,Maternal Grandmother,,11,,,Story
Disrespect,Introduction > My Maternal Grandmother > What stories do you remember about her?,Maternal Grandmother,,11,,,Story
My Maternal Step-Grandmother,Introduction,Maternal Step Grandmother,,12,,,Story
What impact did she have on your life?,Introduction > ,Maternal Step Grandmother,,12,,,Story
What stories do you remember about her?,Introduction > ,Maternal Step Grandmother,,12,,,Story
Childhood,,Preschool,,2,39,,Story
First Home,Preschool > What do you remember from this period?,Preschool,,2,39,,Story
Early Daredevil,Preschool > What do you remember from this period?,Preschool,,2,39,,Story
"Dad's
Garden",Preschool > What do you remember from this period?,Preschool,,2,39,,Story
Don�t Say Bad Words,Preschool > What do you remember from this period?,Preschool,,2,39,,Story
Riding Horse,Preschool > What do you remember from this period?,Preschool,,2,39,,Story
Woodbine Terrace,Preschool > What do you remember from this period?,Preschool,,2,39,,Story
Good Morning Teacher,Preschool > What do you remember from this period?,Preschool,,2,39,,Story
Fall From the Car,Preschool > What do you remember from this period?,Preschool,,2,39,,Story
First Lesson About Fire,Preschool > What do you remember from this period?,Preschool,,2,39,,Story
The �Bond� Fire,Preschool > What do you remember from this period?,Preschool,,2,39,,Story
Learned to Ride a Bike,Preschool > What do you remember from this period?,Preschool,,2,39,,Story
Spitting Black,Preschool > What do you remember from this period?,Preschool,,2,39,,Story
Blackberry Picking,Preschool > What do you remember from this period?,Preschool,,2,39,,Story
"What
elementary school did you attend?",Preschool > Elementary School,Elementary,,2,41,,Story
How did you get to school?,Preschool > Elementary School,Elementary,,2,41,,Story
First Grade,Preschool > Elementary School > What do you remember from elementary school?,Elementary,,2,41,,Story
Second Grade,Preschool > Elementary School > What do you remember from elementary school?,Elementary,,2,41,,Story
Third Grade,Preschool > Elementary School > What do you remember from elementary school?,Elementary,,2,41,,Story
Fourth Grade,Preschool > Elementary School > What do you remember from elementary school?,Elementary,,2,41,,Story
Fifth Grade,Preschool > Elementary School > What do you remember from elementary school?,Elementary,,2,41,,Story
What did you do during recess?,Preschool > Elementary School,Elementary,,2,41,,Story
Who were your favorite teachers?,Preschool > Elementary School,Elementary,,2,41,,Story
Times Were Different,"Preschool > Elementary School > Did you ever get in
trouble at school as a child?",Elementary,,2,41,,Story
The Violin,Preschool > Elementary School > What school activities did you participate in?,Elementary,,2,41,,Story
What games did you play at school?,Preschool > Elementary School,Elementary,,2,41,,Story
Creighton Street,Preschool > Elementary School > What do you remember outside of school about this time?,Elementary,,2,41,,Story
The House,Preschool > Elementary School > What do you remember outside of school about this time?,Elementary,,2,41,,Story
My Bike,Preschool > Elementary School > What do you remember outside of school about this time?,Elementary,,2,41,,Story
Cub Scouts,Preschool > Elementary School > What do you remember outside of school about this time?,Elementary,,2,41,,Story
Pinewood Derby,Preschool > Elementary School > What do you remember outside of school about this time?,Elementary,,2,41,,Story
Yo-Yos,Preschool > Elementary School > What do you remember outside of school about this time?,Elementary,,2,41,,Story
"Knocked His
Teeth Out",Preschool > Elementary School > What do you remember outside of school about this time?,Elementary,,2,41,,Story
The Fire,Preschool > Elementary School > What do you remember outside of school about this time?,Elementary,,2,41,,Story
Cement Fight,Preschool > Elementary School > What do you remember outside of school about this time?,Elementary,,2,41,,Story
Award Winning Decorations,Preschool > Elementary School > What do you remember outside of school about this time?,Elementary,,2,41,,Story
Three Men Died,Preschool > Elementary School > What do you remember outside of school about this time?,Elementary,,2,41,,Story
Penny Collection,Preschool > Elementary School > What do you remember outside of school about this time?,Elementary,,2,41,,Story
Yard on Fire,Preschool > Elementary School > What do you remember outside of school about this time?,Elementary,,2,41,,Story
Mistletoe,Preschool > Elementary School > What do you remember outside of school about this time?,Elementary,,2,41,,Story
Haircuts,Preschool > Elementary School > What do you remember outside of school about this time?,Elementary,,2,41,,Story
Umbrella Parachute,Preschool > Elementary School > What do you remember outside of school about this time?,Elementary,,2,41,,Story
Sheet Parachute,Preschool > Elementary School > What do you remember outside of school about this time?,Elementary,,2,41,,Story
Burning Leaves,Preschool > Elementary School > What do you remember outside of school about this time?,Elementary,,2,41,,Story
Brick on a String,Preschool > Elementary School > What do you remember outside of school about this time?,Elementary,,2,41,,Story
Flying Glass,Preschool > Elementary School > What do you remember outside of school about this time?,Elementary,,2,41,,Story
The Runaways,Preschool > Elementary School > What do you remember outside of school about this time?,Elementary,,2,41,,Story
Boy Scout Accident,Preschool > Elementary School > What do you remember outside of school about this time?,Elementary,,2,41,,Story
Sheltered,Preschool > Elementary School > What do you remember outside of school about this time?,Elementary,,2,41,,Story
The Tattle Tail,Preschool > Elementary School > What do you remember outside of school about this time?,Elementary,,2,41,,Story
Bicycles in the Mud,Preschool > Elementary School > What do you remember outside of school about this time?,Elementary,,2,41,,Story
Christmas Tree,Preschool > Elementary School > What do you remember outside of school about this time?,Elementary,,2,41,,Story
Ink Blots,Preschool > Elementary School > What do you remember outside of school about this time?,Elementary,,2,41,,Story
"Manmade
Sledding",Preschool > Elementary School > What do you remember outside of school about this time?,Elementary,,2,41,,Story
First Pet,Preschool > Elementary School > What do you remember outside of school about this time?,Elementary,,2,41,,Story
Poor Frog,Preschool > Elementary School > What do you remember outside of school about this time?,Elementary,,2,41,,Story
Dad�s First and Last Deer,Preschool > Elementary School > What do you remember outside of school about this time?,Elementary,,2,41,,Story
Burning Leaves,Preschool > Elementary School > What do you remember outside of school about this time?,Elementary,,2,41,,Story
"Punt, Pass & Kick",Preschool > Elementary School > What do you remember outside of school about this time?,Elementary,,2,41,,Story
"First
Black Person",Preschool > Elementary School > What do you remember outside of school about this time?,Elementary,,2,41,,Story
Constant Competition,Preschool > Elementary School > What do you remember outside of school about this time?,Elementary,,2,41,,Story
"Battle
Scars",Preschool > Elementary School > What do you remember outside of school about this time?,Elementary,,2,41,,Story
"Creative
Mishaps",Preschool > Elementary School > What do you remember outside of school about this time?,Elementary,,2,41,,Story
Big Brother Tricks,Preschool > Elementary School > What do you remember outside of school about this time?,Elementary,,2,41,,Story
Home Life,Preschool > Elementary School > What do you remember outside of school about this time?,Elementary,,2,41,,Story
YMCA Days,Preschool > Elementary School > What do you remember outside of school about this time?,Elementary,,2,41,,Story
Bambi,Preschool > Elementary School > What do you remember outside of school about this time?,Elementary,,2,41,,Story
My Baseball Experience,Preschool > Elementary School > What do you remember outside of school about this time?,Elementary,,2,41,,Story
Wood�s Lake,Preschool > Elementary School > What do you remember outside of school about this time?,Elementary,,2,41,,Story
Camp Greenville,Preschool > Elementary School > What do you remember outside of school about this time?,Elementary,,2,41,,Story
O Wah Tay Goo Si Am,Preschool > Elementary School > What do you remember outside of school about this time?,Elementary,,2,41,,Story
Summer Movies,Preschool > Elementary School > How did you spend summers?,Elementary,,2,41,,Story
Lake Hartwell,Preschool > Elementary School > How did you spend summers?,Elementary,,2,41,,Story
Elementary Reflection,Preschool > Elementary School,Elementary,,2,41,,Story
Personal,Preschool > Elementary School,Elementary,,2,41,,Story
What were you like in Elementary School?,Preschool > Elementary School,Elementary,,2,41,,Story
What achievements were you proud of?,Preschool > Elementary School,Elementary,,2,41,,Story
Who were your role models?,Preschool > Elementary School,Elementary,,2,41,,Story
Family,Preschool > Elementary School,Elementary,,2,41,,Story
What was your daily routine?,Preschool > Elementary School,Elementary,,2,41,,Story
What chores did you have?,Preschool > Elementary School,Elementary,,2,41,,Story
What did you do after school?,Preschool > Elementary School,Elementary,,2,41,,Story
What were family dinners like?,Preschool > Elementary School,Elementary,,2,41,,Story
Social,Preschool > Elementary School,Elementary,,2,41,,Story
Were you shy or outgoing?,Preschool > Elementary School,Elementary,,2,41,,Story
Who were your friends?,Preschool > Elementary School,Elementary,,2,41,,Story
What memorable social experiences?,Preschool > Elementary School,Elementary,,2,41,,Story
What was the name of your middle school?,Preschool > Middle School,Middle,,2,42,,Story
How did you get to middle school?,Preschool > Middle School,Middle,,2,42,,Story
Which teachers influenced you most?,Preschool > Middle School,Middle,,2,42,,Story
What subjects interested you?,Preschool > Middle School,Middle,,2,42,,Story
How were your grades?,Preschool > Middle School,Middle,,2,42,,Story
What was your favorite class?,Preschool > Middle School,Middle,,2,42,,Story
What did you find challenging?,Preschool > Middle School,Middle,,2,42,,Story
New Musical Direction,Preschool > Middle School > What extracurricular activities did you join?,Middle,,2,42,,Story
Educational Guinea Pig,Preschool > Middle School > What extracurricular activities did you join?,Middle,,2,42,,Story
Pretend Girlfriends,Preschool > Middle School > What extracurricular activities did you join?,Middle,,2,42,,Story
Lab Partner Crush,Preschool > Middle School > What extracurricular activities did you join?,Middle,,2,42,,Story
Off Campus Lunch,Preschool > Middle School > What extracurricular activities did you join?,Middle,,2,42,,Story
Moving to Cleveland Street,Preschool > Middle School > What extracurricular activities did you join?,Middle,,2,42,,Story
�How did you personally change during these years?,Preschool > Middle School,Middle,,2,42,,Story
What social changes occurred?,Preschool > Middle School,Middle,,2,42,,Story
Casualty Reports,Preschool > Middle School > What world events do you remember?,Middle,,2,42,,Story
What cultural events influenced you?,Preschool > Middle School,Middle,,2,42,,Story
"What
was the name of your high school?",Preschool > High School,High School,,2,43,,Story
What was the mascot?,Preschool > High School,High School,,2,43,,Story
Was there anything unique about it?,Preschool > High School,High School,,2,43,,Story
New Friends,Preschool > High School > What was high school like?,High School,,2,43,,Story
What courses did you take?,Preschool > High School,High School,,2,43,,Story
Who were memorable teachers?,Preschool > High School,High School,,2,43,,Story
What were your academic strengths?,Preschool > High School,High School,,2,43,,Story
What achievements are you proud of?,Preschool > High School,High School,,2,43,,Story
How did you prepare for college/future?,Preschool > High School,High School,,2,43,,Story
Golf Team Failure,"Preschool > High School > Did
you participate in high school sports?",High School,,2,43,,Story
Sophomore Year,"Preschool > High School > Did
you participate in high school sports?",High School,,2,43,,Story
Golf Team Success,"Preschool > High School > Did
you participate in high school sports?",High School,,2,43,,Story
Golf Team Disappointment,"Preschool > High School > Did
you participate in high school sports?",High School,,2,43,,Story
Errant Shot,"Preschool > High School > Did
you participate in high school sports?",High School,,2,43,,Story
Summer Golf,"Preschool > High School > Did
you participate in high school sports?",High School,,2,43,,Story
College Golf,"Preschool > High School > Did
you participate in high school sports?",High School,,2,43,,Story
The Golf Dream Expired,"Preschool > High School > Did
you participate in high school sports?",High School,,2,43,,Story
The Haunted House,"Preschool > High School > Did
you participate in high school sports?",High School,,2,43,,Story
Friday Night Lights,"Preschool > High School > Did
you participate in high school sports?",High School,,2,43,,Story
Senior Honor,"Preschool > High School > Did
you participate in high school sports?",High School,,2,43,,Story
Pete�s Drive-In,"Preschool > High School > Did
you participate in high school sports?",High School,,2,43,,Story
Nicknames,"Preschool > High School > Did
you participate in high school sports?",High School,,2,43,,Story
�Who was your favorite teacher in high school?,Preschool > High School,High School,,2,43,,Story
What was your favorite class?,Preschool > High School,High School,,2,43,,Story
The Bicentennial,Preschool > High School > What was your least favorite class?,High School,,2,43,,Story
Parkins Mill Road,Preschool > High School > What was your least favorite class?,High School,,2,43,,Story
Personal,Preschool > High School,High School,,2,43,,Story
Freshman Ignorance,Preschool > High School > How did you change during high school?,High School,,2,43,,Story
How did your interests evolve?,Preschool > High School,High School,,2,43,,Story
What challenged you most?,Preschool > High School,High School,,2,43,,Story
What achievements meant most?,Preschool > High School,High School,,2,43,,Story
What learning experiences did you have?,Preschool > High School,High School,,2,43,,Story
What were your plans for the future?,Preschool > High School,High School,,2,43,,Story
Social,Preschool > High School,High School,,2,43,,Story
Who were your friends?,Preschool > High School,High School,,2,43,,Story
What did you do for fun?,Preschool > High School,High School,,2,43,,Story
Did you date?,Preschool > High School,High School,,2,43,,Story
What adventures did you have?,Preschool > High School,High School,,2,43,,Story
Family,Preschool > High School,High School,,2,43,,Story
How did your relationship with parents/siblings change?,Preschool > High School,High School,,2,43,,Story
What role did you play in the family?,Preschool > High School,High School,,2,43,,Story
What family conflicts occurred?,Preschool > High School,High School,,2,43,,Story
How did discipline change?,Preschool > High School,High School,,2,43,,Story
How did your family support you?,Preschool > High School,High School,,2,43,,Story
What family gatherings occurred?,Preschool > High School,High School,,2,43,,Story
What freedoms did you gain?,Preschool > High School,High School,,2,43,,Story
What rules did you have?,Preschool > High School,High School,,2,43,,Story
How did family meals change?,Preschool > High School,High School,,2,43,,Story
Cultural,Preschool > High School,High School,,2,43,,Story
What cultural events impacted you?,Preschool > High School,High School,,2,43,,Story
What music was important to you?,Preschool > High School,High School,,2,43,,Story
What TV shows did you watch?,Preschool > High School,High School,,2,43,,Story
What movies influenced you?,Preschool > High School,High School,,2,43,,Story
What fashion trends came about,Preschool > High School,High School,,2,43,,Story
What world/political events do you remember?,Preschool > High School,High School,,2,43,,Story
What business/economic conditions affected you?,Preschool > High School,High School,,2,43,,Story
Personal,Preschool > Childhood Reflection,Childhood Reflection,,2,29,,Reflection
"Do you consider your
childhood to have been a happy one?",Preschool > Childhood Reflection,Childhood Reflection,,2,29,,Reflection
"Were you well-behaved
or a rebel?",Preschool > Childhood Reflection,Childhood Reflection,,2,29,,Reflection
What shaped your identity?,Preschool > Childhood Reflection,Childhood Reflection,,2,29,,Reflection
What roles did you take on?,Preschool > Childhood Reflection,Childhood Reflection,,2,29,,Reflection
How did your values evolve?,Preschool > Childhood Reflection,Childhood Reflection,,2,29,,Reflection
What beliefs changed?,Preschool > Childhood Reflection,Childhood Reflection,,2,29,,Reflection
What principles guided you?,Preschool > Childhood Reflection,Childhood Reflection,,2,29,,Reflection
How did your faith/spirituality develop?,Preschool > Childhood Reflection,Childhood Reflection,,2,29,,Reflection
What ethical challenges arose?,Preschool > Childhood Reflection,Childhood Reflection,,2,29,,Reflection
What caused you to question beliefs?,Preschool > Childhood Reflection,Childhood Reflection,,2,29,,Reflection
What convictions strengthened?,Preschool > Childhood Reflection,Childhood Reflection,,2,29,,Reflection
What changes surprised you?,Preschool > Childhood Reflection,Childhood Reflection,,2,29,,Reflection
Who did you want to become?,Preschool > Childhood Reflection,Childhood Reflection,,2,29,,Reflection
What were your aspirations?,Preschool > Childhood Reflection,Childhood Reflection,,2,29,,Reflection
How did plans change?,Preschool > Childhood Reflection,Childhood Reflection,,2,29,,Reflection
What inspired you?,Preschool > Childhood Reflection,Childhood Reflection,,2,29,,Reflection
What successes encouraged you?,Preschool > Childhood Reflection,Childhood Reflection,,2,29,,Reflection
What fears did you face?,Preschool > Childhood Reflection,Childhood Reflection,,2,29,,Reflection
What disappoints did you experience?,Preschool > Childhood Reflection,Childhood Reflection,,2,29,,Reflection
How did you spend free time?,Preschool > Childhood Reflection,Childhood Reflection,,2,29,,Reflection
What hobbies did you develop?,Preschool > Childhood Reflection,Childhood Reflection,,2,29,,Reflection
What adventures did you have?,Preschool > Childhood Reflection,Childhood Reflection,,2,29,,Reflection
What travel experiences occurred?,Preschool > Childhood Reflection,Childhood Reflection,,2,29,,Reflection
What lifestyle choices did you make?,Preschool > Childhood Reflection,Childhood Reflection,,2,29,,Reflection
What new skills did you learn?,Preschool > Childhood Reflection,Childhood Reflection,,2,29,,Reflection
How did you handle money?,Preschool > Childhood Reflection,Childhood Reflection,,2,29,,Reflection
What situations challenged you?,Preschool > Childhood Reflection,Childhood Reflection,,2,29,,Reflection
How did you make decisions?,Preschool > Childhood Reflection,Childhood Reflection,,2,29,,Reflection
What mistakes taught you most?,Preschool > Childhood Reflection,Childhood Reflection,,2,29,,Reflection
How did you solve problems?,Preschool > Childhood Reflection,Childhood Reflection,,2,29,,Reflection
What cultural trends affected you?,Preschool > Childhood Reflection,Childhood Reflection,,2,29,,Reflection
What social issues concerned you?,Preschool > Childhood Reflection,Childhood Reflection,,2,29,,Reflection
What lifestyle choices were common?,Preschool > Childhood Reflection,Childhood Reflection,,2,29,,Reflection
How did your generation differ?,Preschool > Childhood Reflection,Childhood Reflection,,2,29,,Reflection
Social,Preschool > Childhood Reflection,Social,,2,23,,Story
Companionship,Preschool > Childhood Reflection,Boy/Girlfriend,,2,24,,Story
What dating or relationship experiences shaped you?,Preschool > Childhood Reflection,Boy/Girlfriend,,2,24,,Story
What did you learn about relationships?,Preschool > Childhood Reflection,Boy/Girlfriend,,2,24,,Story
How did your views on love change?,Preschool > Childhood Reflection,Boy/Girlfriend,,2,24,,Story
What did you want in a partner?,Preschool > Childhood Reflection,Boy/Girlfriend,,2,24,,Story
Friendship,Preschool > Childhood Reflection,Friendship,,2,23,,Story
What friendships influenced you most?,Preschool > Childhood Reflection,Friendship,,2,23,,Story
How did friendships change?,Preschool > Childhood Reflection,Friendship,,2,23,,Story
Who remained close?,Preschool > Childhood Reflection,Friendship,,2,23,,Story
What new friendships formed?,Preschool > Childhood Reflection,Friendship,,2,23,,Story
How did you maintain connections?,Preschool > Childhood Reflection,Friendship,,2,23,,Story
What activities did you share?,Preschool > Childhood Reflection,Friendship,,2,23,,Story
Familyship,Preschool > Childhood Reflection,Familyship,,2,23,,Story
"How did relationships change with mother, father, siblings?",Preschool > Childhood Reflection,Familyship,,2,23,,Story
What role did you play in family?,Preschool > Childhood Reflection,Familyship,,2,23,,Story
World & Politics,Preschool > Childhood Reflection,World & Politics,,2,76,,Story
What world or political events influenced you?,Preschool > Childhood Reflection,World & Politics,,2,76,,Story
Science & Technology,Preschool > Childhood Reflection,Science & Tenchology,,2,77,,Story
What scientific or technological events influenced you?,Preschool > Childhood Reflection,Science & Tenchology,,2,77,,Story
Economy & Business,Preschool > Childhood Reflection,Economy & Business,,2,78,,Story
What economic or business events influenced you?,Preschool > Childhood Reflection,Economy & Business,,2,78,,Story
Society & Culture,Preschool > Childhood Reflection,Society & Culture,,2,79,,Story
"What societal or cultural events of elements of music, television, movies,
books, fashion influenced you?",Preschool > Childhood Reflection,Society & Culture,,2,79,,Story
Did you go to college?,Adulthood > College,College,,2,47,,Story
How did you decide to go to college?,Adulthood > College,College,,2,47,,Story
How did you decide where to go to college?,Adulthood > College,College,,2,47,,Story
What was your major and why?,Adulthood > College,College,,2,47,,Story
What were your most/least favorite college courses?,Adulthood > College,College,,2,47,,Story
What college achievements are you proud of?,Adulthood > College,College,,2,47,,Story
How did your academic interests evolve?,Adulthood > College,College,,2,47,,Story
What activities did you participate in outside of college?,Adulthood > College,College,,2,47,,Story
Who were your influential professors?,Adulthood > College,College,,2,47,,Story
Did you work in college?,Adulthood > College,College,,2,47,,Story
Did you join a fraternity in college?,Adulthood > College,College,,2,47,,Story
Move-In,Adulthood > College > What memories do you have of college?,College,,2,47,,Story
First Night,Adulthood > College > What memories do you have of college?,College,,2,47,,Story
First Dorm,Adulthood > College > What memories do you have of college?,College,,2,47,,Story
Scheduling,Adulthood > College > What memories do you have of college?,College,,2,47,,Story
The Bookstore,Adulthood > College > What memories do you have of college?,College,,2,47,,Story
Kappa Sigma,Adulthood > College > What memories do you have of college?,College,,2,47,,Story
Panty Raids,Adulthood > College > What memories do you have of college?,College,,2,47,,Story
Muhammad Ali Fight,Adulthood > College > What memories do you have of college?,College,,2,47,,Story
Poor Study Skills,Adulthood > College > What memories do you have of college?,College,,2,47,,Story
First Heartbreak,Adulthood > College > What memories do you have of college?,College,,2,47,,Story
Academic Turnaround,Adulthood > College > What memories do you have of college?,College,,2,47,,Story
Best Shape of My Life,Adulthood > College > What memories do you have of college?,College,,2,47,,Story
Green Hole,Adulthood > College > What memories do you have of college?,College,,2,47,,Story
Late Night Exploring,Adulthood > College > What memories do you have of college?,College,,2,47,,Story
Transfer to Clemson,Adulthood > College > What memories do you have of college?,College,,2,47,,Story
"The
1970�s",Adulthood > College > What memories do you have of college?,College,,2,47,,Story
Lost Credits,"Adulthood > College > Why
did you transfer to Clemson?",College,,2,47,,Story
Kappa Sigma � Round 2,"Adulthood > College > Why
did you transfer to Clemson?",College,,2,47,,Story
Pledging,"Adulthood > College > Why
did you transfer to Clemson?",College,,2,47,,Story
Arrogance Cost Me,"Adulthood > College > Why
did you transfer to Clemson?",College,,2,47,,Story
Missed Being Grand Master,"Adulthood > College > Why
did you transfer to Clemson?",College,,2,47,,Story
The Phone Recovery,"Adulthood > College > Why
did you transfer to Clemson?",College,,2,47,,Story
Nicknames,Adulthood > College > Where did you live during college?,College,,2,47,,Story
Keg Toss Champion,Adulthood > College > Where did you live during college?,College,,2,47,,Story
Mistaken Bravado,Adulthood > College > Where did you live during college?,College,,2,47,,Story
Orange Bowl,Adulthood > College > Where did you live during college?,College,,2,47,,Story
What were your friends like in college?,Adulthood > College,College,,2,47,,Story
Were the classes hard?,Adulthood > College,College,,2,47,,Story
Who were your roommates?,Adulthood > College,College,,2,47,,Story
1982 was a very good year!,Adulthood > College > What traditions did you participate in?,College,,2,47,,Story
What was your schedule like?,Adulthood > College,College,,2,47,,Story
College Reflection,Adulthood > College,College,,2,47,,Story
How did college shape you?,Adulthood > College,College,,2,47,,Story
"What's one thing you wish you'd known
before going to college?",Adulthood > College,College,,2,47,,Story
"What advice would you give to a family
member about college?",Adulthood > College,College,,2,47,,Story
What challenges did you overcome?,Adulthood > College,College,,2,47,,Story
What life lessons did you learn?,Adulthood > College,College,,2,47,,Story
What mistakes taught you most?,Adulthood > College,College,,2,47,,Story
What successes encouraged you?,Adulthood > College,College,,2,47,,Story
How did your goals evolve?,Adulthood > College,College,,2,47,,Story
"What
social experiences shaped you?",Adulthood > College,College,,2,47,,Story
"Did you go to graduate
school?",Adulthood > Graduate School,Graduate School,,2,48,,Story
"How did you pick a major in graduate
school?",Adulthood > Graduate School,Graduate School,,2,48,,Story
Intensive Spanish,Adulthood > Graduate School > How did you choose a major?,Graduate School,,2,48,,Story
"Started Strong, Finished
Middle",Adulthood > Graduate School > How did you choose a major?,Graduate School,,2,48,,Story
Internship,Adulthood > Graduate School > How did you choose a major?,Graduate School,,2,48,,Story
The Arrival,Adulthood > Graduate School > How did you choose a major?,Graduate School,,2,48,,Story
Medellin,Adulthood > Graduate School > How did you choose a major?,Graduate School,,2,48,,Story
The Flight is Sickening,Adulthood > Graduate School > How did you choose a major?,Graduate School,,2,48,,Story
Security,Adulthood > Graduate School > How did you choose a major?,Graduate School,,2,48,,Story
Mountains on Bad Tires,Adulthood > Graduate School > How did you choose a major?,Graduate School,,2,48,,Story
The House,Adulthood > Graduate School > How did you choose a major?,Graduate School,,2,48,,Story
I�m Not Eating That,Adulthood > Graduate School > How did you choose a major?,Graduate School,,2,48,,Story
Caf� con Leche,Adulthood > Graduate School > How did you choose a major?,Graduate School,,2,48,,Story
So Many Foreigners Here,Adulthood > Graduate School > How did you choose a major?,Graduate School,,2,48,,Story
"Flight from
Medellin to Cali",Adulthood > Graduate School > How did you choose a major?,Graduate School,,2,48,,Story
Hotel Dann Phone Call,Adulthood > Graduate School > How did you choose a major?,Graduate School,,2,48,,Story
Apartment Roommate,Adulthood > Graduate School > How did you choose a major?,Graduate School,,2,48,,Story
Late Nights,Adulthood > Graduate School > How did you choose a major?,Graduate School,,2,48,,Story
Earthquake,Adulthood > Graduate School > How did you choose a major?,Graduate School,,2,48,,Story
"Popayan
Earthquake",Adulthood > Graduate School > How did you choose a major?,Graduate School,,2,48,,Story
Bullfights,Adulthood > Graduate School > How did you choose a major?,Graduate School,,2,48,,Story
"Flower
Festival",Adulthood > Graduate School > How did you choose a major?,Graduate School,,2,48,,Story
Pulmon,Adulthood > Graduate School > How did you choose a major?,Graduate School,,2,48,,Story
Silvia,Adulthood > Graduate School > How did you choose a major?,Graduate School,,2,48,,Story
"It�s Very
Down",Adulthood > Graduate School > How did you choose a major?,Graduate School,,2,48,,Story
Aguardiente,Adulthood > Graduate School > How did you choose a major?,Graduate School,,2,48,,Story
Pepper Steak,Adulthood > Graduate School > How did you choose a major?,Graduate School,,2,48,,Story
Waiter Cried,Adulthood > Graduate School > How did you choose a major?,Graduate School,,2,48,,Story
Basketball,Adulthood > Graduate School > How did you choose a major?,Graduate School,,2,48,,Story
Money Exchange Fiasco,Adulthood > Graduate School > How did you choose a major?,Graduate School,,2,48,,Story
Bottle Collecting,Adulthood > Career > What were your first odd jobs?,Career,,2,55,,Story
Lawn Service,Adulthood > Career > What were your first odd jobs?,Career,,2,55,,Story
Cutting Grass,Adulthood > Career > What were your first odd jobs?,Career,,2,55,,Story
Greeting Cards,Adulthood > Career > What were your first odd jobs?,Career,,2,55,,Story
First Real Firing,Adulthood > Career > What was your first real job?,Career,,2,55,,Story
Screen Printing,Adulthood > Career > What was your first real job?,Career,,2,55,,Story
Pool Cleaning,Adulthood > Career > What was your first real job?,Career,,2,55,,Story
Associate Director of Corporate Relations,Adulthood > Career > University of South Carolina,USC,,2,56,,Story
Speaker Program,Adulthood > Career > University of South Carolina,USC,,2,56,,Story
Alumni Relations,Adulthood > Career > University of South Carolina,USC,,2,56,,Story
Ancient Communication Method,Adulthood > Career > University of South Carolina,USC,,2,56,,Story
Really?,Adulthood > Career > University of South Carolina,USC,,2,56,,Story
Director of Latin American Operations,Adulthood > Career > University of South Carolina,USC,,2,56,,Story
Dale Carnegie,Adulthood > Career > University of South Carolina,USC,,2,56,,Story
Government Waste,Adulthood > Career > University of South Carolina,USC,,2,56,,Story
Financial Analyst,Adulthood > Career > NCR,NCR,,2,57,,Story
International Financial Analyst,Adulthood > Career > Harris/3M,Harris/3M,,2,58,,Story
Run In,Adulthood > Career > Harris/3M,Harris/3M,,2,58,,Story
"Finance Manager, ROW",Adulthood > Career > Harris/3M,Harris/3M,,2,58,,Story
European Controller,Adulthood > Career > Harris/3M,Harris/3M,,2,58,,Story
Move to Europe,Adulthood > Career > Harris/3M,Harris/3M,,2,58,,Story
The Gulf War,Adulthood > Career > Harris/3M,Harris/3M,,2,58,,Story
Ask For What You�re Worth,Adulthood > Career > Harris/3M,Harris/3M,,2,58,,Story
"Finance Director, International",Adulthood > Career > Harris/3M,Harris/3M,,2,58,,Story
Not Ready for CFO,Adulthood > Career > Harris/3M,Harris/3M,,2,58,,Story
"Vice President, Business Development & Strategic Planning",Adulthood > Career > Harris/3M,Harris/3M,,2,58,,Story
"Vice
President, Finance & Administration, CFO",Adulthood > Career > SQL Financials,SQL Financials,,2,59,,Story
"Vice President, Finance, CFO",Adulthood > Career > Caribiner,Caribiner,,2,60,,Story
Ill-Advised Acquisition,Adulthood > Career > Caribiner,Caribiner,,2,60,,Story
"Vice President, Finance",Adulthood > Career > McKesson,McKesson,,2,61,,Story
Chief Financial Officer,Adulthood > Career > McKesson,McKesson,,2,61,,Story
"Chief Financial Officer, Americas",Adulthood > Career > Given Imaging,Given,,2,62,,Story
Chief Financial Officer,Adulthood > Career > Dune Medical,Dune,,2,63,,Story
What ifs,Adulthood > Career Reflection > How did you prepare for change?,Career Reflectiion,,2,55,,Reflection
How did priorities shift?,Adulthood > Career Reflection,Career Reflectiion,,2,55,,Reflection
What was your most significant challenge?,Adulthood > Career Reflection,Career Reflectiion,,2,55,,Reflection
How did you adapt?,Adulthood > Career Reflection,Career Reflectiion,,2,55,,Reflection
What satisfaction did you find?,Adulthood > Career Reflection,Career Reflectiion,,2,55,,Reflection
How did you plan career transitions?,Adulthood > Career Reflection,Career Reflectiion,,2,55,,Reflection
How did you mentor others?,Adulthood > Career Reflection,Career Reflectiion,,2,55,,Reflection
What wisdom did you share?,Adulthood > Career Reflection,Career Reflectiion,,2,55,,Reflection
What achievements are you most proud of?,Adulthood > Career Reflection,Career Reflectiion,,2,55,,Reflection
What would you do differently?,Adulthood > Career Reflection,Career Reflectiion,,2,55,,Reflection
What advice would you give others?,Adulthood > Career Reflection,Career Reflectiion,,2,55,,Reflection
What principles guided your leadership?,Adulthood > Career Reflection,Career Reflectiion,,2,55,,Reflection
How did your leadership evolve?,Adulthood > Career Reflection,Career Reflectiion,,2,55,,Reflection
Workplace Reality,Adulthood > Career Reflection > What career regrets do you have?,Career Reflectiion,,2,55,,Reflection
Who was your best boss,Adulthood > Career Reflection,Career Reflectiion,,2,55,,Reflection
Tom Campbell,Adulthood > Career Reflection > Who was your worst boss?,Career Reflectiion,,2,55,,Reflection
Craig Niemiec,Adulthood > Career Reflection > Who was your worst boss?,Career Reflectiion,,2,55,,Reflection
Jerry Pierson,Adulthood > Career Reflection > Who was your worst boss?,Career Reflectiion,,2,55,,Reflection
Which was your best job,Adulthood > Career Reflection,Career Reflectiion,,2,55,,Reflection
Which was your worst job?,Adulthood > Career Reflection,Career Reflectiion,,2,55,,Reflection
Were you ever fired,Adulthood > Career Reflection,Career Reflectiion,,2,55,,Reflection
What is your best advice for ones career?,Adulthood > Career Reflection,Career Reflectiion,,2,55,,Reflection
What were your most important learnings?,Adulthood > Career Reflection,Career Reflectiion,,2,55,,Reflection
Did you ever have trouble at work?,Adulthood > Career Reflection,Career Reflectiion,,2,55,,Reflection
The Never-Ending Lawn,Adulthood > Career Reflection > Did you ever quit a job?,Career Reflectiion,,2,55,,Reflection
What are your career regrets?,Adulthood > Career Reflection,Career Reflectiion,,2,55,,Reflection
What leadership roles did you take on?,Adulthood > Career Reflection,Career Reflectiion,,2,55,,Reflection
Who were influential mentors?,Adulthood > Career Reflection,Career Reflectiion,,2,55,,Reflection
What professional challenges did you face?,Adulthood > Career Reflection,Career Reflectiion,,2,55,,Reflection
What achievements are you most proud of?,Adulthood > Career Reflection,Career Reflectiion,,2,55,,Reflection
What was your work culture like?,Adulthood > Career Reflection,Career Reflectiion,,2,55,,Reflection
What was your management style?,Adulthood > Career Reflection,Career Reflectiion,,2,55,,Reflection
How did industry changes affect you?,Adulthood > Career Reflection,Career Reflectiion,,2,55,,Reflection
What business travel occurred?,Adulthood > Career Reflection,Career Reflectiion,,2,55,,Reflection
What international experience did you gain?,Adulthood > Career Reflection,Career Reflectiion,,2,55,,Reflection
How did technology change your work?,Adulthood > Career Reflection,Career Reflectiion,,2,55,,Reflection
What major career decisions did you face?,Adulthood > Career Reflection,Career Reflectiion,,2,55,,Reflection
How did you make career choices?,Adulthood > Career Reflection,Career Reflectiion,,2,55,,Reflection
What opportunities did you pursue/decline?,Adulthood > Career Reflection,Career Reflectiion,,2,55,,Reflection
How did you balance career and family?,Adulthood > Career Reflection,Career Reflectiion,,2,55,,Reflection
What sacrifices did you make?,Adulthood > Career Reflection,Career Reflectiion,,2,55,,Reflection
What risks did you take?,Adulthood > Career Reflection,Career Reflectiion,,2,55,,Reflection
What career goals evolved?,Adulthood > Career Reflection,Career Reflectiion,,2,55,,Reflection
How did success affect you?,Adulthood > Career Reflection,Career Reflectiion,,2,55,,Reflection
What opportunities arose?,Adulthood > Career Reflection,Career Reflectiion,,2,55,,Reflection
What choices did you face?,Adulthood > Career Reflection,Career Reflectiion,,2,55,,Reflection
How did you make decisions?,Adulthood > Career Reflection,Career Reflectiion,,2,55,,Reflection
What skills did you develop?,Adulthood > Career Reflection,Career Reflectiion,,2,55,,Reflection
What roles did you take on?,Adulthood > Career Reflection,Career Reflectiion,,2,55,,Reflection
What challenges did you overcome?,Adulthood > Career Reflection,Career Reflectiion,,2,55,,Reflection
What achievements meant most?,Adulthood > Career Reflection,Career Reflectiion,,2,55,,Reflection
What surprised you most?,Adulthood > Career Reflection,Career Reflectiion,,2,55,,Reflection
Who mentored you?,Adulthood > Career Reflection,Career Reflectiion,,2,55,,Reflection
What mistakes did you make?,Adulthood > Career Reflection,Career Reflectiion,,2,55,,Reflection
What successes did you have?,Adulthood > Career Reflection,Career Reflectiion,,2,55,,Reflection
What disappointments did you have?,Adulthood > Career Reflection,Career Reflectiion,,2,55,,Reflection
Why did you change jobs?,Adulthood > Career Reflection,Career Reflectiion,,2,55,,Reflection
What major decisions did you face?,Adulthood > Career Reflection,Career Reflectiion,,2,55,,Reflection
How did your industry change?,Adulthood > Career Reflection,Career Reflectiion,,2,55,,Reflection
What innovations did you drive?,Adulthood > Career Reflection,Career Reflectiion,,2,55,,Reflection
What relationships proved most valuable?,Adulthood > Career Reflection,Career Reflectiion,,2,55,,Reflection
What challenges did you overcome?,Adulthood > Career Reflection,Career Reflectiion,,2,55,,Reflection
How did you measure success?,Adulthood > Career Reflection,Career Reflectiion,,2,55,,Reflection
Springbrook,Adulthood > Family > Marriage,Marriage,,2,50,,Story
Brady,Adulthood > Family > Marriage,Marriage,,2,50,,Story
"Linbrook Drive, Columbia, South Carolina",Adulthood > Family > Marriage,Marriage,,2,50,,Story
What is it like being a father?,Adulthood > Parenthood,Children,,16,,,Story
How did you figure out how to be a parent?,Adulthood > Parenthood,Children,,16,,,Story
Being a Father,Adulthood > Parenthood,Children,,16,,,Story
"Teaching
William to drive",Adulthood > Parenthood > William,William,,17,,,Story
"Teaching
Elizabeth to Drive",Adulthood > Parenthood > Elizabeth,Elizabeth,,18,,,Story
Caroline,Adulthood > Parenthood,Children,,16,,,Story
"What was one of the toughest, easiest,
best, worst parts about raising first, second, third",Adulthood > Parenthood,Children,,16,,,Story
"What was something that was particularly
surprising to you when you had your first, second, third child?",Adulthood > Parenthood,Children,,16,,,Story
"How did you feel when your first, second,
third child was born?",Adulthood > Parenthood,Children,,16,,,Story
How did parenting influence you?,Adulthood > Parenthood,Children,,16,,,Story
What was it like becoming a parent?,Adulthood > Parenthood,Children,,16,,,Story
How did you prepare for parenthood?,Adulthood > Parenthood,Children,,16,,,Story
What surprised you about being a parent?,Adulthood > Parenthood,Children,,16,,,Story
What challenges did you face?,Adulthood > Parenthood,Children,,16,,,Story
What joys did you experience?,Adulthood > Parenthood,Children,,16,,,Story
How did your priorities change?,Adulthood > Parenthood,Children,,16,,,Story
What parenting style did you develop?,Adulthood > Parenthood,Children,,16,,,Story
What activities did you do together?,Adulthood > Parenthood,Children,,16,,,Story
What values did you try to instill?,Adulthood > Parenthood,Children,,16,,,Story
What discipline approaches did you use?,Adulthood > Parenthood,Children,,16,,,Story
How did you handle education decisions?,Adulthood > Parenthood,Children,,16,,,Story
What family challenges arose?,Adulthood > Parenthood,Children,,16,,,Story
What family memories stand out?,Adulthood > Parenthood,Children,,16,,,Story
What was daily family life like?,Adulthood > Parenthood,Children,,16,,,Story
How did you balance work and family?,Adulthood > Parenthood,Children,,16,,,Story
How did family relationships evolve?,Adulthood > Parenthood,Children,,16,,,Story
What roles did extended family play?,Adulthood > Parenthood,Children,,16,,,Story
How did sibling relationships develop?,Adulthood > Parenthood,Children,,16,,,Story
What family conflicts occurred?,Adulthood > Parenthood,Children,,16,,,Story
How did you resolve differences?,Adulthood > Parenthood,Children,,16,,,Story
What strengthened family bonds?,Adulthood > Parenthood,Children,,16,,,Story
What traditions became important?,Adulthood > Parenthood,Children,,16,,,Story
How did you maintain connections?,Adulthood > Parenthood,Children,,16,,,Story
Homes & Moves,Adulthood > Parenthood,Children,,16,,,Story
How did you choose locations?,Adulthood > Parenthood,Children,,16,,,Story
What neighborhoods shaped family life?,Adulthood > Parenthood,Children,,16,,,Story
What home improvements did you make?,Adulthood > Parenthood,Children,,16,,,Story
What moves were significant?,Adulthood > Parenthood,Children,,16,,,Story
How did locations affect lifestyle?,Adulthood > Parenthood,Children,,16,,,Story
What made each place special?,Adulthood > Parenthood,Children,,16,,,Story
How did you contribute?,Adulthood > Parenthood,Children,,16,,,Story
How did location affect family?,Adulthood > Parenthood,Children,,16,,,Story
What lifestyle priorities emerged?,Adulthood > Parenthood,Children,,16,,,Story
How did you spend free time?,Adulthood > Parenthood,Children,,16,,,Story
What hobbies did you pursue?,Adulthood > Parenthood,Children,,16,,,Story
What entertainment did you enjoy?,Adulthood > Parenthood,Children,,16,,,Story
What social activities mattered?,Adulthood > Parenthood,Children,,16,,,Story
How did you relax/recharge?,Adulthood > Parenthood,Children,,16,,,Story
What life balance did you seek?,Adulthood > Parenthood,Children,,16,,,Story
How did your worldview evolve?,Adulthood > Parenthood,Children,,16,,,Story
What values became important?,Adulthood > Parenthood,Children,,16,,,Story
What beliefs changed?,Adulthood > Parenthood,Children,,16,,,Story
What life lessons emerged?,Adulthood > Parenthood,Children,,16,,,Story
What wisdom did you gain?,Adulthood > Parenthood,Children,,16,,,Story
What principles guided you?,Adulthood > Parenthood,Children,,16,,,Story
How did your outlook mature?,Adulthood > Parenthood,Children,,16,,,Story
Personal,Adulthood > Parenthood,Children,,16,,,Story
How did you grow during these years?,Adulthood > Parenthood,Children,,16,,,Story
What skills did you develop?,Adulthood > Parenthood,Children,,16,,,Story
What challenges changed you?,Adulthood > Parenthood,Children,,16,,,Story
What accomplishments meant most?,Adulthood > Parenthood,Children,,16,,,Story
How did you handle stress?,Adulthood > Parenthood,Children,,16,,,Story
What personal goals evolved?,Adulthood > Parenthood,Children,,16,,,Story
What lifestyle changes occurred?,Adulthood > Parenthood,Children,,16,,,Story
Relationships,Adulthood > Parenthood,Children,,16,,,Story
How did friendships change?,Adulthood > Parenthood,Children,,16,,,Story
What relationships deepened?,Adulthood > Parenthood,Children,,16,,,Story
What new connections formed?,Adulthood > Parenthood,Children,,16,,,Story
How did you maintain relationships?,Adulthood > Parenthood,Children,,16,,,Story
What relationship challenges arose?,Adulthood > Parenthood,Children,,16,,,Story
Who influenced you most?,Adulthood > Parenthood,Children,,16,,,Story
What relationship lessons emerged?,Adulthood > Parenthood,Children,,16,,,Story
"What was one of the hardest things about growing up? How did you get
through it?",Adulthood > Parenthood,Children,,16,,,Story
Historical,Adulthood > Parenthood,Children,,16,,,Story
What historical events impacted you?,Adulthood > Parenthood,Children,,16,,,Story
How did society change?,Adulthood > Parenthood,Children,,16,,,Story
What technological advances occurred?,Adulthood > Parenthood,Children,,16,,,Story
What economic conditions affected you?,Adulthood > Parenthood,Children,,16,,,Story
What political changes mattered?,Adulthood > Parenthood,Children,,16,,,Story
What local changes occurred?,Adulthood > Parenthood,Children,,16,,,Story
Cultural,Adulthood > Parenthood,Children,,16,,,Story
What cultural shifts occurred?,Adulthood > Parenthood,Children,,16,,,Story
How did society evolve?,Adulthood > Parenthood,Children,,16,,,Story
What social issues mattered?,Adulthood > Parenthood,Children,,16,,,Story
How did entertainment change?,Adulthood > Parenthood,Children,,16,,,Story
What technology transformed life?,Adulthood > Parenthood,Children,,16,,,Story
What generational differences emerged?,Adulthood > Parenthood,Children,,16,,,Story
Personal,Adulthood > Parenthood,Children,,16,,,Story
What key moments shaped these years?,Adulthood > Parenthood,Children,,16,,,Story
What decisions had lasting impact?,Adulthood > Parenthood,Children,,16,,,Story
What changes surprised you?,Adulthood > Parenthood,Children,,16,,,Story
What remained constant?,Adulthood > Parenthood,Children,,16,,,Story
What defined this period?,Adulthood > Parenthood,Children,,16,,,Story
How did you grow/change?,Adulthood > Parenthood,Children,,16,,,Story
What wisdom did you gain?,Adulthood > Parenthood,Children,,16,,,Story
Move to Nashville,Adulthood > Parenthood > What legacy began forming?,Children,,16,,,Story
Adult Children,Adulthood > Parenthood,Children,,16,,,Story
How did relationships with adult children evolve?,Adulthood > Parenthood,Children,,16,,,Story
What role did you play in their lives?,Adulthood > Parenthood,Children,,16,,,Story
How did you support their growth?,Adulthood > Parenthood,Children,,16,,,Story
What joys did you experience?,Adulthood > Parenthood,Children,,16,,,Story
Grandchildren,Adulthood > Parenthood,Children,,16,,,Story
What was becoming a grandparent like?,Adulthood > Parenthood,Children,,16,,,Story
How do you connect with grandchildren?,Adulthood > Parenthood,Children,,16,,,Story
What role do you play in their lives?,Adulthood > Parenthood,Children,,16,,,Story
What traditions do you share?,Adulthood > Parenthood,Children,,16,,,Story
What values do you hope to pass on?,Adulthood > Parenthood,Children,,16,,,Story
What activities do you enjoy together?,Adulthood > Parenthood,Children,,16,,,Story
What lessons do you share?,Adulthood > Parenthood,Children,,16,,,Story
What legacy do you want to leave?,Adulthood > Parenthood,Children,,16,,,Story
Extended Family,Adulthood > Parenthood,Children,,16,,,Story
How have family relationships evolved?,Adulthood > Parenthood,Children,,16,,,Story
What family gatherings occur?,Adulthood > Parenthood,Children,,16,,,Story
Ho,Adulthood > Parenthood,Children,,16,,,Story
w do you maintain connections?,Adulthood > Parenthood,Children,,16,,,Story
What new traditions emerged?,Adulthood > Parenthood,Children,,16,,,Story
What family history do you share?,Adulthood > Parenthood,Children,,16,,,Story
How do you strengthen bonds?,Adulthood > Parenthood,Children,,16,,,Story
What family values endure?,Adulthood > Parenthood,Children,,16,,,Story
What legacy are you creating?,Adulthood > Parenthood,Children,,16,,,Story
"I want
to continue growing in business and building financial security while spending
quality time with my children, their families, and supporting their interests.
Current Focus",Adulthood > The Future > Current Focus,Future,,,,98,Story
Looking Forward,Adulthood > The Future > Current Focus,Future,,,,98,Story
"Do you have a dream you haven't achieved
yet? Will you keep trying?",Adulthood > The Future,Future,,,,98,Story
What dreams remain?,Adulthood > The Future,Future,,,,98,Story
What goals inspire you?,Adulthood > The Future,Future,,,,98,Story
What changes do you seek?,Adulthood > The Future,Future,,,,98,Story
What adventures call?,Adulthood > The Future,Future,,,,98,Story
What possibilities excite?,Adulthood > The Future,Future,,,,98,Story
What legacy continues forming?,Adulthood > The Future,Future,,,,98,Story
What impact do you hope for?,Adulthood > The Future,Future,,,,98,Story
What matters for the future?,Adulthood > The Future,Future,,,,98,Story
What hopes for family future?,Adulthood > The Future,Future,,,,98,Story
What traditions should continue?,Adulthood > The Future,Future,,,,98,Story
What values should endure?,Adulthood > The Future,Future,,,,98,Story
What stories should be remembered?,Adulthood > The Future,Future,,,,98,Story
What wisdom should guide?,Adulthood > The Future,Future,,,,98,Story
What love should multiply?,Adulthood > The Future,Future,,,,98,Story
How do you prepare?,Adulthood > The Future,Future,,,,98,Story
What challenges do you anticipate?,Adulthood > The Future,Future,,,,98,Story
What opportunities do you see?,Adulthood > The Future,Future,,,,98,Story
What wisdom guides you?,Adulthood > The Future,Future,,,,98,Story
What peace have you found?,Adulthood > The Future,Future,,,,98,Story
What joy sustains you?,Adulthood > The Future,Future,,,,98,Story
What love surrounds you?,Adulthood > The Future,Future,,,,98,Story
What's next?,Adulthood > The Future,Future,,,,98,Story
What advice would you give your younger self?,Adulthood > Personal Reflection,Personal Reflection,,,29,,Reflection
What were the most significant challenges you faced and the lessons learned?,Adulthood > Personal Reflection,Personal Reflection,,,29,,Reflection
What did you wear when younger that mortifies you now?,Adulthood > Personal Reflection,Personal Reflection,,,29,,Reflection
What advice would you give your great grandchildren?,Adulthood > Personal Reflection,Personal Reflection,,,29,,Reflection
What personal expectations do you hold yourself to?,"Adulthood > Personal Reflection > What is your best
advice when it comes to work?",Personal Reflection,,,29,,Reflection
What�s your idea of happiness?,Adulthood > Personal Reflection,Personal Reflection,,,29,,Reflection
Who/What inspires you?,Adulthood > Personal Reflection,Personal Reflection,,,29,,Reflection
"What beliefs do you
have that are different than your parents�?",Adulthood > Personal Reflection,Personal Reflection,,,29,,Reflection
"What have you changed
your mind about over the years?",Adulthood > Personal Reflection,Personal Reflection,,,29,,Reflection
Early Memories of Money,THEMES > Financial > What are your views on money?,Financial,,,54,,Story
Money�Tough times�.,THEMES > Financial > What are your views on money?,Financial,,,54,,Story
Kash and Karry,THEMES > Financial > What are your views on money?,Financial,,,54,,Story
First Purchased House,THEMES > Financial > What are your views on money?,Financial,,,54,,Story
Kash and Karry to Save Money,THEMES > Financial > What are your views on money?,Financial,,,54,,Story
Just Write a Check,THEMES > Financial > What are your views on money?,Financial,,,54,,Story
Odd Jobs,THEMES > Financial > What are your views on money?,Financial,,,54,,Story
The Business Grew,THEMES > Financial > What are your views on money?,Financial,,,54,,Story
We Moved Again,THEMES > Financial > What are your views on money?,Financial,,,54,,Story
First Semester College Money,THEMES > Financial > What are your views on money?,Financial,,,54,,Story
How did goals change?,THEMES > Financial,Financial,,,54,,Story
What financial security meant?,THEMES > Financial,Financial,,,54,,Story
How did you balance spending/saving?,THEMES > Financial,Financial,,,54,,Story
What lifestyle choices affected finances?,THEMES > Financial,Financial,,,54,,Story
What financial worries existed?,THEMES > Financial,Financial,,,54,,Story
What financial freedom meant?,THEMES > Financial,Financial,,,54,,Story
How did you plan legacy?,THEMES > Financial,Financial,,,54,,Story
What major purchases occurred?,THEMES > Financial,Financial,,,54,,Story
How did you handle finances?,THEMES > Financial,Financial,,,54,,Story
What investment choices did you make?,THEMES > Financial,Financial,,,54,,Story
What financial challenges arose?,THEMES > Financial,Financial,,,54,,Story
How did you plan for future?,THEMES > Financial,Financial,,,54,,Story
What financial lessons did you learn?,THEMES > Financial,Financial,,,54,,Story
What risks did you take?,THEMES > Financial,Financial,,,54,,Story
How did wealth affect choices?,THEMES > Financial,Financial,,,54,,Story
Financial Management,THEMES > Financial,Financial,,,54,,Story
How did you budget?,THEMES > Financial,Financial,,,54,,Story
What savings strategies worked?,THEMES > Financial,Financial,,,54,,Story
What debt did you manage?,THEMES > Financial,Financial,,,54,,Story
How did you plan retirement?,THEMES > Financial,Financial,,,54,,Story
What financial advice helped?,THEMES > Financial,Financial,,,54,,Story
What mistakes taught you?,THEMES > Financial,Financial,,,54,,Story
What successes encouraged you?,THEMES > Financial,Financial,,,54,,Story
How did you teach children about money?,THEMES > Financial,Financial,,,54,,Story
When was your first girlfriend?,THEMES > Relationships,Boy/Girlfriend,,24,,,Story
Spin the Bottle,THEMES > Relationships > When was your first kiss?,Boy/Girlfriend,,24,,,Story
Unavoidable Fight,THEMES > Relationships > When was your first kiss?,Boy/Girlfriend,,24,,,Story
First Disappointment,THEMES > Relationships > When was your first kiss?,Boy/Girlfriend,,24,,,Story
How did you meet your wife?,THEMES > Relationships,Boy/Girlfriend,,24,,,Story
What is your definition of love?,THEMES > Relationships,Boy/Girlfriend,,24,,,Story
What was it like the first time you fell in love?,THEMES > Relationships,Boy/Girlfriend,,24,,,Story
Have you ever had your heart broken?,THEMES > Relationships,Boy/Girlfriend,,24,,,Story
What is your idea of perfect happiness?,THEMES > Relationships,Boy/Girlfriend,,24,,,Story
What was one of the most romantic moments in your life?,THEMES > Relationships,Boy/Girlfriend,,24,,,Story
What do you think are the secrets to a happy relationship?,THEMES > Relationships,Boy/Girlfriend,,24,,,Story
How have love relationships influenced you?,THEMES > Relationships,Boy/Girlfriend,,24,,,Story
How would you describe your politics?,THEMES > Politics,World & Politics,,,76,,Story
Which Presidents have you voted for and why?,THEMES > Politics,World & Politics,,,76,,Story
How have your political opinions changed over time?,THEMES > Politics,World & Politics,,,76,,Story
Football,THEMES > Sports > How have sports influenced your life?,Sports,,,67,,Story
Swimming,THEMES > Sports > How have sports influenced your life?,Sports,,,67,,Story
First Experience,THEMES > Sports > How have sports influenced your life?,Sports,,,67,,Story
First Play,THEMES > Sports > How have sports influenced your life?,Sports,,,67,,Story
I Wasn�t Very Good,THEMES > Sports > How have sports influenced your life?,Sports,,,67,,Story
The Monster Snake,THEMES > Sports > How have sports influenced your life?,Sports,,,67,,Story
Scavenger for Golf Balls,THEMES > Sports > How have sports influenced your life?,Sports,,,67,,Story
Greenville Country Club,THEMES > Sports > How have sports influenced your life?,Sports,,,67,,Story
My Only Sport,THEMES > Sports > How have sports influenced your life?,Sports,,,67,,Story
Golf is a Valuable Skill,THEMES > Sports > How have sports influenced your life?,Sports,,,67,,Story
"Did you ever want to
be a professional athlete?",THEMES > Sports,Sports,,,67,,Story
What was your favorite sport?,THEMES > Sports,Sports,,,67,,Story
What was your favorite sports team?,THEMES > Sports,Sports,,,67,,Story
What was your favorite player of all time?,THEMES > Sports,Sports,,,67,,Story
What sporting event would you most like to attend?,THEMES > Sports,Sports,,,67,,Story
Masters,THEMES > Sports > What is your favorite sporting event attended?,Sports,,,67,,Story
French Open,THEMES > Sports > What is your favorite sporting event attended?,Sports,,,67,,Story
Is there a sporting event you remember as a kid?,THEMES > Sports,Sports,,,67,,Story
What is your favorite sports movie?,THEMES > Sports,Sports,,,67,,Story
Gas Money,THEMES > Cars > �What was your first car?,Cars,,,68,,Story
"Stolen
Battery",THEMES > Cars > �What was your first car?,Cars,,,68,,Story
"First
Accident",THEMES > Cars > �What was your first car?,Cars,,,68,,Story
"The End of
My First Car",THEMES > Cars > �What was your first car?,Cars,,,68,,Story
Second Car,THEMES > Cars > �What was your first car?,Cars,,,68,,Story
"The
Firebird","THEMES > Cars > How did you learn to
drive?",Cars,,,68,,Story
Audi,"THEMES > Cars > How did you learn to
drive?",Cars,,,68,,Story
What car trouble have you had?,THEMES > Cars,Cars,,,68,,Story
The Station Wagon,THEMES > Cars > What accidents have you had?,Cars,,,68,,Story
Thanksgiving Deer,THEMES > Cars > What accidents have you had?,Cars,,,68,,Story
Poor Dog,THEMES > Cars > What accidents have you had?,Cars,,,68,,Story
What moves have you made?,THEMES > Moves,Homes & Moves,,,71,,Story
"�Wow, What a Pool!�",THEMES > Vacations,Vacations,,,69,,Story
�Glad you got to meet me!�,THEMES > Vacations,Vacations,,,69,,Story
Skiing,THEMES > Vacations,Vacations,,,69,,Story
The Beach,THEMES > Vacations,Vacations,,,69,,Story
Body Surfing,THEMES > Vacations,Vacations,,,69,,Story
Vacations with the Meltons,THEMES > Vacations,Vacations,,,69,,Story
Myrtle Monsters,THEMES > Vacations,Vacations,,,69,,Story
Bachelor Party,THEMES > Vacations,Vacations,,,69,,Story
Grilling Shark,THEMES > Vacations,Vacations,,,69,,Story
Wake Boarding,THEMES > Vacations,Vacations,,,69,,Story
Clemson Football Games,THEMES > Vacations,Vacations,,,69,,Story
How has technology influenced your life?,THEMES > Technology,Science & Technology,,,77,,Story
Music,"THEMES > Technology > What inventions have had the biggest impact
on your day-to-day life?",Science & Technology,,,77,,Story
Computers,"THEMES > Technology > What inventions have had the biggest impact
on your day-to-day life?",Science & Technology,,,77,,Story
Laptops.,"THEMES > Technology > What inventions have had the biggest impact
on your day-to-day life?",Science & Technology,,,77,,Story
Email,"THEMES > Technology > What inventions have had the biggest impact
on your day-to-day life?",Science & Technology,,,77,,Story
Cameras,"THEMES > Technology > What inventions have had the biggest impact
on your day-to-day life?",Science & Technology,,,77,,Story
Internet,"THEMES > Technology > What inventions have had the biggest impact
on your day-to-day life?",Science & Technology,,,77,,Story
Artificial Intelligence,"THEMES > Technology > What inventions have had the biggest impact
on your day-to-day life?",Science & Technology,,,77,,Story
Cars,"THEMES > Technology > What inventions have had the biggest impact
on your day-to-day life?",Science & Technology,,,77,,Story
Electric,"THEMES > Technology > What inventions have had the biggest impact
on your day-to-day life?",Science & Technology,,,77,,Story
"How
has music influenced your life?",THEMES > Music,Music,,,80,,Story
The Changing Technology of Music,THEMES > Music > What did you listen to over the years?,Music,,,80,,Story
A Mother�s Crush,THEMES > Music > What did you listen to over the years?,Music,,,80,,Story
Evolving Tastes and Country Roads,THEMES > Music > What did you listen to over the years?,Music,,,80,,Story
The Beats of Hip-Hop and Cultural Storms,THEMES > Music > What did you listen to over the years?,Music,,,80,,Story
The Technology and True Artists,THEMES > Music > What did you listen to over the years?,Music,,,80,,Story
Closing Note: Music and Life,THEMES > Music > What did you listen to over the years?,Music,,,80,,Story
What countries have you been to?,THEMES > Music,Music,,,80,,Story
What states have you been to?,THEMES > Music,Music,,,80,,Story
Mardi Gras,THEMES > Music > Did you ever take any great road trips?,Music,,,80,,Story
Best trip,THEMES > Music > Did you ever take any great road trips?,Music,,,80,,Story
Worst trip,THEMES > Music > Did you ever take any great road trips?,Music,,,80,,Story
Longest trip,THEMES > Music > Did you ever take any great road trips?,Music,,,80,,Story
Ski Trips,THEMES > Music > Did you ever take any great road trips?,Music,,,80,,Story
Learning to Windsurf,THEMES > Music > Did you ever take any great road trips?,Music,,,80,,Story
Windsurfing in Grand Caymen,THEMES > Music > Did you ever take any great road trips?,Music,,,80,,Story
Windsurfing in Hawaii,THEMES > Music > Did you ever take any great road trips?,Music,,,80,,Story
Windsurfing in Aruba,THEMES > Music > Did you ever take any great road trips?,Music,,,80,,Story
"Davos, Switzerland",THEMES > Music > Did you ever take any great road trips?,Music,,,80,,Story
Missed Christmas Flight,THEMES > Music > Have you ever missed a flight?,Music,,,80,,Story
Travelling Baseball,THEMES > Music > Have you ever missed a flight?,Music,,,80,,Story
Close Call,THEMES > Music > Have you ever missed a flight?,Music,,,80,,Story
What things from home did you miss the most while living overseas?,THEMES > Music,Music,,,80,,Story
How has travel influenced you?,THEMES > Music,Music,,,80,,Story
How to Win at Office Politics.,THEMES > Books,Books,,,81,,Story
News,THEMES > Television > What cartoons did you watch as a kid?,Television,,,84,,Story
TV Evolution,THEMES > Television > What cartoons did you watch as a kid?,Television,,,84,,Story
"Do you believe in
ghosts?",THEMES > Miscellaneous,Miscellaneous,,,85,,Story
"Do you believe in
UFOs?",THEMES > Miscellaneous,Miscellaneous,,,85,,Story
"Do you believe in life
after death?",THEMES > Miscellaneous,Miscellaneous,,,85,,Story
Do you believe there is life on other planets?,THEMES > Miscellaneous,Miscellaneous,,,85,,Story
Which past time would you like to travel to?,THEMES > Miscellaneous,Miscellaneous,,,85,,Story
"What are you
superstitious about?",THEMES > Miscellaneous,Miscellaneous,,,85,,Story
"What have been some of
your life's greatest surprises, disappointments?",THEMES > Miscellaneous,Miscellaneous,,,85,,Story
The Gift of Responsibility,THEMES > Miscellaneous > What is the best gift you�ve ever received?,Miscellaneous,,,85,,Story
What is your greatest achievement?,THEMES > Miscellaneous,Miscellaneous,,,85,,Story
What was your most important decision?,THEMES > Miscellaneous,Miscellaneous,,,85,,Story
What decision did you worry about that didn�t matter?,THEMES > Miscellaneous,Miscellaneous,,,85,,Story
Restaurants,THEMES > Miscellaneous > Favorites,Miscellaneous,,,85,,Story
Drinks,THEMES > Miscellaneous > Favorites,Miscellaneous,,,85,,Story
Color,THEMES > Miscellaneous > Favorites,Miscellaneous,,,85,,Story
Wine,THEMES > Miscellaneous > Favorites,Miscellaneous,,,85,,Story
Dessert,THEMES > Miscellaneous > Favorites,Miscellaneous,,,85,,Story
Beer,THEMES > Miscellaneous > Favorites,Miscellaneous,,,85,,Story
Ice Cream,THEMES > Miscellaneous > Favorites,Miscellaneous,,,85,,Story
Sandwich,THEMES > Miscellaneous > Favorites,Miscellaneous,,,85,,Story
How do you like your coffee?,THEMES > Miscellaneous,Miscellaneous,,,85,,Story
How do you like your eggs?,THEMES > Miscellaneous,Miscellaneous,,,85,,Story
What allergies do you have?,THEMES > Miscellaneous,Miscellaneous,,,85,,Story
Did you have braces?,THEMES > Miscellaneous,Miscellaneous,,,85,,Story
Do you like roller coasters?,THEMES > Miscellaneous,Miscellaneous,,,85,,Story
Did you ever skip school?,THEMES > Miscellaneous,Miscellaneous,,,85,,Story
What is your favorite season?,THEMES > Miscellaneous,Miscellaneous,,,85,,Story
Liquor,THEMES > Miscellaneous > Have you ever broken a bone?,Miscellaneous,,,85,,Story
Best days,THEMES > Miscellaneous,Miscellaneous,,,85,,Story
Worst Days,THEMES > Miscellaneous,Miscellaneous,,,85,,Story
Difficult?,THEMES > Miscellaneous,Miscellaneous,,,85,,Story
How did you overcome?,THEMES > Miscellaneous,Miscellaneous,,,85,,Story
happiest/unhappiest,THEMES > Miscellaneous,Miscellaneous,,,85,,Story
Fears,THEMES > Miscellaneous,Miscellaneous,,,85,,Story
Loves,THEMES > Miscellaneous,Miscellaneous,,,85,,Story
"What
was one of the toughest, easiest, best, worst parts about raising first,
second, third",THEMES > Miscellaneous,Miscellaneous,,,85,,Story
What makes you Scared?,THEMES > Miscellaneous,Miscellaneous,,,85,,Story
What makes you Happy?,THEMES > Miscellaneous,Miscellaneous,,,85,,Story
What makes you depressed?,THEMES > Miscellaneous,Miscellaneous,,,85,,Story
Who are your closest friends,THEMES > Miscellaneous,Miscellaneous,,,85,,Story
What are your favorite Possessions?,THEMES > Miscellaneous,Miscellaneous,,,85,,Story
What are your Strengths,THEMES > Miscellaneous,Miscellaneous,,,85,,Story
What are your Weaknesses,THEMES > Miscellaneous,Miscellaneous,,,85,,Story
"What simple pleasures of life do you truly
enjoy?",THEMES > Miscellaneous,Miscellaneous,,,85,,Story
"What successes/failures (mistakes) have you
made?",THEMES > Miscellaneous,Miscellaneous,,,85,,Story
What would you have done differently?,THEMES > Miscellaneous,Miscellaneous,,,85,,Story
"What is one of the craziest things that's
ever happened to you?",THEMES > Miscellaneous,Miscellaneous,,,85,,Story
"How has your life turned out differently
than you imagined it would?",THEMES > Miscellaneous,Miscellaneous,,,85,,Story
Lake Hartwell,THEMES > Adventures > What adventures have you had?,Adventures,,,70,,Story
Florida,THEMES > Adventures > What adventures have you had?,Adventures,,,70,,Story
Traditions,THEMES > Food,Miscellaneous,,,85,,Story
My Favorites Then and Now,THEMES > Food,Miscellaneous,,,85,,Story
My Favorites Now,THEMES > Food,Miscellaneous,,,85,,Story
Least Favorites,THEMES > Food,Miscellaneous,,,85,,Story
Have these changed over time?,THEMES > Food,Miscellaneous,,,85,,Story
Snoring Keeping Santa Away,THEMES > Holidays,Christmas,,,73,,Story
Santa�s Helper,THEMES > Holidays,Christmas,,,73,,Story
"Have you ever gotten
into a fight?",THEMES > Fights,Relationships,,,24,,Story
How has your worldview evolved?,THEMES > Reflection,World & Politics,,,76,,Story
What values remain constant?,THEMES > Reflection,Personal Reflection,,,29,,Reflection
What beliefs have changed?,THEMES > Reflection,Personal Reflection,,,29,,Reflection
What wisdom would you share?,THEMES > Reflection,Personal Reflection,,,29,,Reflection
What matters most now?,THEMES > Reflection,Personal Reflection,,,29,,Reflection
How do you define success?,THEMES > Reflection,Personal Reflection,,,29,,Reflection
What gives life meaning?,THEMES > Reflection,Personal Reflection,,,29,,Reflection
What do you want to be remembered for?,THEMES > Legacy,Future,,,,98,Story
What values do you hope endure?,THEMES > Legacy,Future,,,,98,Story
What stories should be preserved?,THEMES > Legacy,Future,,,,98,Story
What wisdom should be shared?,THEMES > Legacy,Future,,,,98,Story
What traditions should continue?,THEMES > Legacy,Future,,,,98,Story
What impact do you hope to have?,THEMES > Legacy,Future,,,,98,Story
What dreams remain?,THEMES > Legacy,Future,,,,98,Story
What matters most?,THEMES > Legacy,Future,,,,98,Story
What are you most proud of?,THEMES > Legacy,Future,,,,98,Story
What are you most grateful for?,THEMES > Legacy,Future,,,,98,Story
What things matter most to you in life?,THEMES > Legacy,Future,,,,98,Story
What experiences most shaped your life?,THEMES > Personal,Personal Reflection,,,29,,Reflection
What decisions shaped your life most?,THEMES > Personal,Personal Reflection,,,29,,Reflection
What choices would you change?,THEMES > Personal,Personal Reflection,,,29,,Reflection
What risks paid off?,THEMES > Personal,Personal Reflection,,,29,,Reflection
What risks didn�t?,THEMES > Personal,Personal Reflection,,,29,,Reflection
What caution paid off?,THEMES > Personal,Personal Reflection,,,29,,Reflection
What caution did not?,THEMES > Personal,Personal Reflection,,,29,,Reflection
What principles guided choices?,THEMES > Personal,Personal Reflection,,,29,,Reflection
What influenced decisions?,THEMES > Personal,Personal Reflection,,,29,,Reflection
How have you changed over time?,THEMES > Personal,Personal Reflection,,,29,,Reflection
What growth are you proud of?,THEMES > Personal,Personal Reflection,,,29,,Reflection
What challenges changed you?,THEMES > Personal,Personal Reflection,,,29,,Reflection
What wisdom surprised you?,THEMES > Personal,Personal Reflection,,,29,,Reflection
What remains constant?,THEMES > Personal,Personal Reflection,,,29,,Reflection
What brings greatest satisfaction?,THEMES > Personal,Personal Reflection,,,29,,Reflection
What accomplishments mean most?,THEMES > Personal,Personal Reflection,,,29,,Reflection
What relationships matter most?,THEMES > Personal,Personal Reflection,,,29,,Reflection
What gives life meaning?,THEMES > Personal,Personal Reflection,,,29,,Reflection
What challenges were worthwhile?,THEMES > Personal,Personal Reflection,,,29,,Reflection
What joys sustain you?,THEMES > Personal,Personal Reflection,,,29,,Reflection
What regrets remain?,THEMES > Personal,Personal Reflection,,,29,,Reflection
What peace have you found?,THEMES > Personal,Personal Reflection,,,29,,Reflection
What were your biggest lessons?,THEMES > Personal,Personal Reflection,,,29,,Reflection
What would you do differently?,THEMES > Personal,Personal Reflection,,,29,,Reflection
What choices proved best?,THEMES > Personal,Personal Reflection,,,29,,Reflection
What challenges taught you most?,THEMES > Personal,Personal Reflection,,,29,,Reflection
What wisdom surprised you?,THEMES > Personal,Personal Reflection,,,29,,Reflection
What advice would you give?,THEMES > Personal,Personal Reflection,,,29,,Reflection
What principles guide you?,THEMES > Personal,Personal Reflection,,,29,,Reflection
What major changes have you witnessed?,THEMES > Era Overview,Personal Reflection,,,29,,Reflection
How has society evolved?,THEMES > Era Overview,Personal Reflection,,,29,,Reflection
What progress encourages you?,THEMES > Era Overview,Personal Reflection,,,29,,Reflection
What concerns remain?,THEMES > Era Overview,Personal Reflection,,,29,,Reflection
What wisdom has history taught?,THEMES > Era Overview,Personal Reflection,,,29,,Reflection
What cycles repeat?,THEMES > Era Overview,Personal Reflection,,,29,,Reflection
What changes surprise?,THEMES > Era Overview,Personal Reflection,,,29,,Reflection
What constants endure?,THEMES > Era Overview,Personal Reflection,,,29,,Reflection
How has culture changed?,THEMES > Era Overview,Personal Reflection,,,29,,Reflection
What values shifted?,THEMES > Era Overview,Personal Reflection,,,29,,Reflection
What traditions endure?,THEMES > Era Overview,Personal Reflection,,,29,,Reflection
What wisdom emerged?,THEMES > Era Overview,Personal Reflection,,,29,,Reflection
What changes challenge?,THEMES > Era Overview,Personal Reflection,,,29,,Reflection
What progress encourages?,THEMES > Era Overview,Personal Reflection,,,29,,Reflection
What concerns remain?,THEMES > Era Overview,Personal Reflection,,,29,,Reflection
What hope persists?,THEMES > Era Overview,Personal Reflection,,,29,,Reflection
What changes do you foresee?,THEMES > Era Overview,Personal Reflection,,,29,,Reflection
What hopes do you hold?,THEMES > Era Overview,Personal Reflection,,,29,,Reflection
What concerns you?,THEMES > Era Overview,Personal Reflection,,,29,,Reflection
What wisdom might help?,THEMES > Era Overview,Personal Reflection,,,29,,Reflection
What should endure?,THEMES > Era Overview,Personal Reflection,,,29,,Reflection
What should change?,THEMES > Era Overview,Personal Reflection,,,29,,Reflection
What matters most?,THEMES > Era Overview,Personal Reflection,,,29,,Reflection
What world events impacted you?,THEMES > Historical Events,World & Politics,,,77,,Story
What political changes affected you?,THEMES > Historical Events,World & Politics,,,77,,Story
What economic conditions shaped choices?,THEMES > Historical Events,World & Politics,,,77,,Story
What technological changes occurred?,THEMES > Historical Events,World & Politics,,,77,,Story
First Moon Walk,THEMES > Historical Events > What cultural shifts influenced you?,World & Politics,,,77,,Story
Vietnam War,THEMES > Historical Events > What cultural shifts influenced you?,World & Politics,,,77,,Story
Richard Nixon Resignation,THEMES > Historical Events > What cultural shifts influenced you?,World & Politics,,,77,,Story
11-Sep,THEMES > Historical Events > What cultural shifts influenced you?,World & Politics,,,77,,Story
Shuttle Challenger Explosion,THEMES > Historical Events > What cultural shifts influenced you?,World & Politics,,,77,,Story
How has life turned out differently than you imagined?,THEMES > Differences,Personal Reflection,,,29,,Reflection
Has Life been good to you?,THEMES > Blessings,Personal Reflection,,,29,,Reflection
What are you grateful for?,THEMES > Blessings,Personal Reflection,,,29,,Reflection
Didn�t Make the Team,THEMES > Blessings > What were your disappointments?,Personal Reflection,,,29,,Reflection
Didn�t Make the Golf Team,THEMES > Blessings > What were your disappointments?,Personal Reflection,,,29,,Reflection
She Broke Up With Me,THEMES > Blessings > What were your disappointments?,Personal Reflection,,,29,,Reflection
My Marriage,THEMES > Blessings > What were your disappointments?,Personal Reflection,,,29,,Reflection
What were your surpirses,THEMES > Blessings,Personal Reflection,,,29,,Reflection
What are your regrets?,THEMES > Blessings,Personal Reflection,,,29,,Reflection
What mistakes have you made?,THEMES > Blessings,Personal Reflection,,,29,,Reflection
What would you do differently?,THEMES > Blessings,Personal Reflection,,,29,,Reflection
What would you consider your motto?,THEMES > Blessings,Personal Reflection,,,29,,Reflection
"What advice would you give your 20, 30, 40, 50, 60 year old self?",THEMES > Advice,Personal Reflection,,,29,,Reflection
What advice would you give your great grandchildren?,THEMES > Advice,Personal Reflection,,,29,,Reflection
What makes you Optimistic or Pessimistic about the younger generation,THEMES > Advice,Personal Reflection,,,29,,Reflection
Who had the biggest influence on your life?,THEMES > Advice,Personal Reflection,,,29,,Reflection
What is your greatest achievement?,THEMES > Advice,Personal Reflection,,,29,,Reflection
What is your favorite holiday?,THEMES > Advice,Personal Reflection,,,29,,Reflection
"Cost of things�.food, gas, cars, movies, houses",THEMES > Advice > What are your happiest moments?,Personal Reflection,,,29,,Reflection
What were your hobbies?,THEMES > Advice,Personal Reflection,,,29,,Reflection
Have you known some colorful characters?,THEMES > Advice,Personal Reflection,,,29,,Reflection
Who did you look up to then and now?,THEMES > Advice,Personal Reflection,,,29,,Reflection
How has the world changed for better/worse?,THEMES > Advice,Personal Reflection,,,29,,Reflection
What do you miss about the 'old' days?,THEMES > Advice,Personal Reflection,,,29,,Reflection
How have you become wiser?,THEMES > Advice,Personal Reflection,,,29,,Reflection
What are the best things money can't buy?,THEMES > Advice,Personal Reflection,,,29,,Reflection
What are the best things about being a grandparent?,THEMES > Advice,Personal Reflection,,,29,,Reflection
What is the secret to staying young?,THEMES > Advice,Personal Reflection,,,29,,Reflection
What are your thoughts on the issues of the day?,THEMES > Issues,World & Politics,,,77,,Story
Minimum Wage?,THEMES > Issues > Wages,World & Politics,,,77,,Story
Remote Work vs. In-Office Work:,THEMES > Issues > Wages,World & Politics,,,77,,Story
Gig Economy and Worker Rights:,THEMES > Issues,World & Politics,,,77,,Story
Wealth Inequality:,THEMES > Issues,World & Politics,,,77,,Story
Social and Cultural Topics,THEMES > Issues,World & Politics,,,77,,Story
Capitalism versus Socialism,THEMES > Issues,World & Politics,,,77,,Story
Education,THEMES > Issues,World & Politics,,,77,,Story
Healthcare System:,THEMES > Issues,World & Politics,,,77,,Story
Free Speech vs. Censorship:,THEMES > Issues,World & Politics,,,77,,Story
Diversity and Inclusion:,THEMES > Issues,World & Politics,,,77,,Story
Immigration:,THEMES > Issues,World & Politics,,,77,,Story
Technology and Innovation,THEMES > Issues,World & Politics,,,77,,Story
Governance and Global Relations,THEMES > Issues,World & Politics,,,77,,Story
Government Spending and Debt:,THEMES > Issues,World & Politics,,,77,,Story
Political Polarization:,THEMES > Issues,World & Politics,,,77,,Story
Globalization vs. Protectionism:,THEMES > Issues,World & Politics,,,77,,Story
Human Rights:,THEMES > Issues,World & Politics,,,77,,Story
Military and Defense Spending:,THEMES > Issues,World & Politics,,,77,,Story
Ethical and Philosophical Questions,THEMES > Issues,World & Politics,,,77,,Story
Toughest/easiest,"THEMES > My Children > William,
Elizabeth, and Caroline",Children,,16,,,Story
Best/worst,"THEMES > My Children > William,
Elizabeth, and Caroline",Children,,16,,,Story
�Hippies,The Decades > The 1960�s > Society & Culture,The 1960's,,,,89,Story
Integrated Classroom,The Decades > The 1960�s > Society & Culture,The 1960's,,,,89,Story
Women�s Rights,The Decades > The 1960�s > Society & Culture,The 1960's,,,,89,Story
Music,The Decades > The 1960�s > Society & Culture,The 1960's,,,,89,Story
The Vietnam War,The Decades > The 1960�s > Society & Culture,The 1960's,,,,89,Story
Science and Technology,The Decades > The 1960�s > Society & Culture,The 1960's,,,,89,Story
Man on the Moon,The Decades > The 1960�s > Society & Culture,The 1960's,,,,89,Story
JFK Assassination,The Decades > The 1960�s > Society & Culture,The 1960's,,,,89,Story
Muhammed Ali,The Decades > The 1960�s > Society & Culture,The 1960's,,,,89,Story
1960,The Decades > The 1960�s > Business,The 1960's,,,,89,Story
1961,The Decades > The 1960�s > Business,The 1960's,,,,89,Story
1962,The Decades > The 1960�s > Business,The 1960's,,,,89,Story
1963,The Decades > The 1960�s > Business,The 1960's,,,,89,Story
1964,The Decades > The 1960�s > Business,The 1960's,,,,89,Story
1965,The Decades > The 1960�s > Business,The 1960's,,,,89,Story
1966,The Decades > The 1960�s > Business,The 1960's,,,,89,Story
1967,The Decades > The 1960�s > Business,The 1960's,,,,89,Story
1968,The Decades > The 1960�s > Business,The 1960's,,,,89,Story
1969,The Decades > The 1960�s > Business,The 1960's,,,,89,Story
The 1970�s,The Decades,The Decades,,,,88,Story
"1970,",The Decades > The 1970�s - Economics,The 1970s,,,,90,Story
"1971,",The Decades > The 1970�s - Economics,The 1970s,,,,90,Story
1972,The Decades > The 1970�s - Economics,The 1970s,,,,90,Story
1973,The Decades > The 1970�s - Economics,The 1970s,,,,90,Story
1974,The Decades > The 1970�s - Economics,The 1970s,,,,90,Story
"1975,",The Decades > The 1970�s - Economics,The 1970s,,,,90,Story
"1976,",The Decades > The 1970�s - Economics,The 1970s,,,,90,Story
1977,The Decades > The 1970�s - Economics,The 1970s,,,,90,Story
"1978,",The Decades > The 1970�s - Economics,The 1970s,,,,90,Story
1979,The Decades > The 1970�s - Economics,The 1970s,,,,90,Story
1980,The Decades > The 1980�s > Business�,The 1980s,,,,91,Story
1981,The Decades > The 1980�s > Business�,The 1980s,,,,91,Story
1982,The Decades > The 1980�s > Business�,The 1980s,,,,91,Story
1983,The Decades > The 1980�s > Business�,The 1980s,,,,91,Story
1984,The Decades > The 1980�s > Business�,The 1980s,,,,91,Story
1985,The Decades > The 1980�s > Business�,The 1980s,,,,91,Story
1986,The Decades > The 1980�s > Business�,The 1980s,,,,91,Story
1987,The Decades > The 1980�s > Business�,The 1980s,,,,91,Story
1988,The Decades > The 1980�s > Business�,The 1980s,,,,91,Story
1989,The Decades > The 1980�s > Business�,The 1980s,,,,91,Story
1990,The Decades > The 1990�s,The 1990s,,,,92,Story
1991,The Decades > The 1990�s,The 1990s,,,,92,Story
1992,The Decades > The 1990�s,The 1990s,,,,92,Story
1993,The Decades > The 1990�s,The 1990s,,,,92,Story
1994,The Decades > The 1990�s,The 1990s,,,,92,Story
1995,The Decades > The 1990�s,The 1990s,,,,92,Story
1996,The Decades > The 1990�s,The 1990s,,,,92,Story
1997,The Decades > The 1990�s,The 1990s,,,,92,Story
1998,The Decades > The 1990�s,The 1990s,,,,92,Story
1999,The Decades > The 1990�s,The 1990s,,,,92,Story
2000,"The Decades > The
2000�s",The 2000s,,,,93,Story
2001,"The Decades > The
2000�s",The 2000s,,,,93,Story
2002,"The Decades > The
2000�s",The 2000s,,,,93,Story
2003,"The Decades > The
2000�s",The 2000s,,,,93,Story
2004,"The Decades > The
2000�s",The 2000s,,,,93,Story
2005,"The Decades > The
2000�s",The 2000s,,,,93,Story
2006,"The Decades > The
2000�s",The 2000s,,,,93,Story
2007,"The Decades > The
2000�s",The 2000s,,,,93,Story
2008,"The Decades > The
2000�s",The 2000s,,,,93,Story
2009,"The Decades > The
2000�s",The 2000s,,,,93,Story
2010,The Decades > The 2010�s > Business,The 2010s,,,,94,Story
2011,The Decades > The 2010�s > Business,The 2010s,,,,94,Story
2012,The Decades > The 2010�s > Business,The 2010s,,,,94,Story
2013,The Decades > The 2010�s > Business,The 2010s,,,,94,Story
2014,The Decades > The 2010�s > Business,The 2010s,,,,94,Story
2015,The Decades > The 2010�s > Business,The 2010s,,,,94,Story
2016,The Decades > The 2010�s > Business,The 2010s,,,,94,Story
2017,The Decades > The 2010�s > Business,The 2010s,,,,94,Story
2018,The Decades > The 2010�s > Business,The 2010s,,,,94,Story
2019,The Decades > The 2010�s > Business,The 2010s,,,,94,Story
Politics,The Decades > The 2020�s,The 2020s,,,,95,Story
2020,The Decades > The 2020�s > Business,The 2020s,,,,95,Story
2021,The Decades > The 2020�s > Business,The 2020s,,,,95,Story
2022,The Decades > The 2020�s > Business,The 2020s,,,,95,Story
2023,The Decades > The 2020�s > Business,The 2020s,,,,95,Story
2024,The Decades > The 2020�s > Business,The 2020s,,,,95,Story
2025,The Decades > The 2020�s > Business,The 2020s,,,,95,Story
